methods_per_class,params_per_method,cyclomatic_complexity,comment_density,loc_per_method,public_methods,nesting_depth,halstead_volume,Example
4.05,1.15,1.1,1.0,1.29,3.09,7.0,1.32,1
1.0,1.0,1.0,1.0,1.0,1.0,1.0,1.0,2
1.8,1.06,1.19,1.0,1.94,1.33,7.0,1.29,3
1.48,1.32,1.0,1.0,1.29,1.22,4.0,1.11,4
2.12,1.18,1.39,1.0,1.47,1.66,7.0,1.2,5
3.25,1.28,1.19,1.27,1.59,2.54,4.0,1.42,6
1.32,1.32,1.0,2.73,1.0,1.22,1.0,1.07,7
2.37,1.09,1.77,1.09,1.58,2.87,7.0,1.54,8
1.16,1.16,1.58,1.0,2.5,1.11,7.0,1.28,9
1.32,1.08,1.1,1.0,1.39,1.44,7.0,1.12,10
1.8,1.19,1.19,1.43,1.49,1.55,7.0,1.12,11
1.0,1.0,1.0,1.0,1.0,1.0,1.0,1.06,12
1.96,1.4,2.55,1.0,1.99,1.88,7.0,1.67,13
1.26,1.2,1.1,1.0,1.21,1.88,7.0,1.08,14
1.16,1.32,1.77,4.21,4.86,1.11,7.0,1.35,15
3.89,1.61,4.68,1.0,2.36,2.98,7.0,2.61,16
1.08,3.79,1.0,2.19,2.48,1.11,4.0,1.33,17
1.64,1.24,1.29,1.0,1.32,1.44,4.0,1.22,18
2.77,1.44,1.39,1.0,1.61,2.21,7.0,1.44,19
1.21,1.48,1.19,1.68,1.71,1.44,4.0,1.19,20
5.34,1.0,1.68,1.34,1.86,3.96,4.0,1.91,21
1.54,1.23,1.29,1.0,1.47,2.1,7.0,1.32,22
3.41,1.15,3.81,1.0,2.26,2.43,7.0,2.16,23
2.45,1.07,1.19,1.0,1.33,1.99,7.0,1.26,24
1.16,5.5,1.19,1.0,4.57,1.11,7.0,1.1,25
2.93,1.29,1.0,1.0,1.24,2.32,4.0,1.14,26
2.29,1.1,3.23,1.27,1.55,2.76,7.0,1.76,27
1.24,1.54,1.0,1.32,1.43,1.66,4.0,1.14,28
1.32,1.38,1.68,1.0,1.88,1.55,7.0,1.48,29
2.61,1.16,1.39,1.0,1.29,2.1,7.0,1.27,30
5.18,1.01,1.0,1.1,1.27,3.85,4.0,1.49,31
3.89,1.21,2.06,1.38,1.54,2.87,7.0,1.78,32
2.45,1.0,1.0,1.0,1.33,1.99,4.0,1.28,33
2.93,1.08,1.0,1.0,1.29,2.32,4.0,1.23,34
2.29,1.08,1.77,1.15,1.79,1.66,7.0,1.3,35
5.02,1.15,1.0,1.0,1.29,3.74,4.0,1.39,36
1.88,1.2,1.58,1.42,1.39,2.21,7.0,1.24,37
2.12,1.32,1.68,1.0,1.9,1.77,7.0,1.34,38
2.77,1.23,1.68,1.0,1.55,2.21,7.0,1.31,39
1.43,1.4,1.58,1.0,1.61,1.88,7.0,1.44,40
1.55,1.32,1.0,1.0,1.34,2.87,4.0,1.26,41
1.64,1.0,1.0,1.0,1.36,1.44,4.0,1.1,42
2.12,1.46,1.0,1.0,1.39,1.11,4.0,1.14,43
9.68,1.16,1.0,1.0,1.29,6.93,4.0,1.79,44
1.4,1.13,1.0,1.0,1.29,1.55,4.0,1.1,45
1.16,1.32,1.39,1.0,2.86,1.22,7.0,1.22,46
1.8,1.13,1.19,1.0,1.63,1.55,7.0,1.24,47
5.5,1.17,1.29,1.0,1.31,4.07,7.0,1.76,48
7.75,1.18,1.29,1.16,1.34,5.61,4.0,1.9,49
1.64,1.0,1.0,1.0,1.39,1.44,4.0,1.15,50
3.73,1.13,1.19,1.0,1.34,2.87,7.0,1.43,51
2.12,1.21,1.0,1.0,1.31,2.54,4.0,1.39,52
2.61,1.19,1.0,1.0,1.17,2.1,4.0,1.44,53
1.96,1.16,1.19,1.0,1.29,1.66,7.0,1.16,54
7.27,1.13,3.61,1.0,1.52,5.28,7.0,2.67,55
1.96,1.16,1.0,1.0,1.29,1.66,4.0,1.14,56
1.96,1.48,2.16,1.21,1.81,2.21,7.0,1.65,57
3.01,1.15,1.0,1.0,1.29,3.74,4.0,1.47,58
5.98,1.18,1.19,1.0,1.31,4.4,7.0,1.46,59
4.86,1.0,1.87,1.54,1.77,3.52,4.0,1.79,60
5.18,1.16,1.0,1.0,1.29,3.85,4.0,1.35,61
2.29,1.32,1.68,1.0,1.88,1.88,7.0,1.5,62
1.16,1.32,1.48,1.0,3.43,1.11,7.0,1.12,63
1.7,1.42,1.19,1.0,1.29,2.43,7.0,1.37,64
2.93,1.08,1.19,1.0,1.43,2.1,7.0,1.26,65
1.8,1.06,1.19,1.59,1.74,1.55,4.0,1.36,66
1.36,1.04,1.29,1.0,1.51,1.99,7.0,1.32,67
1.4,1.13,1.0,1.0,1.29,1.55,4.0,1.08,68
7.43,1.17,1.0,1.0,1.34,5.39,4.0,1.67,69
3.41,1.0,1.0,2.99,1.36,2.65,4.0,1.94,70
1.13,1.32,1.68,1.0,2.21,1.44,7.0,1.25,71
5.34,1.24,1.0,1.0,1.25,3.96,4.0,1.4,72
1.96,1.43,1.48,1.24,1.29,1.33,7.0,1.22,73
1.16,1.32,1.29,2.02,1.29,1.11,7.0,1.07,74
4.21,1.14,1.48,1.0,1.34,3.2,7.0,1.48,75
1.64,1.16,1.48,2.56,1.29,1.44,4.0,1.16,76
1.16,2.29,1.1,1.0,2.29,1.11,4.0,1.03,77
1.1,1.05,1.0,1.0,1.16,1.77,4.0,1.27,78
2.93,1.24,1.68,1.0,1.68,2.32,7.0,1.45,79
2.45,1.39,2.16,1.0,1.89,1.11,7.0,1.52,80
2.12,1.32,1.19,1.21,1.41,2.21,7.0,1.56,81
1.72,1.21,1.29,1.81,1.84,1.99,7.0,1.47,82
1.88,1.38,1.29,1.0,1.32,2.21,4.0,1.4,83
2.29,1.08,1.58,3.23,1.68,1.88,7.0,1.82,84
1.56,1.07,1.1,1.0,1.04,2.54,7.0,1.36,85
1.16,1.01,1.0,1.0,1.44,4.18,4.0,2.19,86
1.16,4.21,1.0,1.0,1.29,1.11,4.0,1.03,87
1.24,1.11,1.0,1.0,1.19,1.33,4.0,1.32,88
1.7,1.32,1.58,1.0,1.38,2.32,7.0,1.36,89
1.26,1.13,1.0,1.0,1.29,4.84,4.0,2.1,90
5.5,1.17,1.0,1.0,1.29,4.07,4.0,1.43,91
1.16,1.64,1.29,6.36,2.29,1.11,4.0,1.25,92
1.16,1.96,1.19,1.0,1.29,1.11,4.0,1.19,93
2.53,1.27,1.97,1.62,1.31,3.09,7.0,1.43,94
1.91,1.06,1.39,2.97,1.11,2.87,7.0,1.27,95
2.53,1.14,1.58,1.0,1.5,3.09,7.0,1.66,96
5.18,1.0,1.1,1.0,1.55,3.85,4.0,1.76,97
1.32,1.16,1.1,1.0,1.64,1.22,7.0,1.05,98
2.61,1.16,1.0,1.0,1.29,2.1,4.0,1.1,99
3.25,1.3,1.29,1.33,1.47,2.54,4.0,1.38,100
1.48,1.21,1.29,1.4,1.48,1.33,7.0,1.13,101
5.18,1.43,2.65,1.0,1.53,3.85,7.0,2.22,102
2.29,1.16,1.19,1.0,1.34,1.88,7.0,1.22,103
2.93,1.0,1.1,4.25,1.0,2.32,1.0,1.21,104
2.69,1.17,1.58,1.0,1.46,3.3,7.0,1.65,105
4.86,1.15,1.19,1.11,1.29,3.63,7.0,1.51,106
4.86,1.0,1.0,1.0,1.35,3.63,4.0,1.4,107
1.24,1.16,1.29,2.25,1.31,1.66,4.0,1.15,108
1.0,1.0,1.0,1.0,1.0,1.0,1.0,1.0,109
1.64,1.08,1.68,1.0,1.93,1.44,7.0,1.15,110
1.88,1.15,1.19,1.79,1.38,2.21,7.0,1.42,111
3.09,1.27,1.0,1.0,1.29,2.43,4.0,1.21,112
1.64,1.16,1.0,1.0,1.29,1.44,4.0,1.04,113
2.37,1.11,1.48,1.13,1.38,2.87,7.0,1.42,114
1.16,1.32,1.1,1.0,1.29,1.22,7.0,1.07,115
1.96,1.75,1.39,1.0,1.4,1.66,4.0,1.39,116
4.38,1.15,1.0,1.0,1.29,3.3,4.0,1.41,117
5.34,1.38,3.9,1.0,1.42,3.96,7.0,2.21,118
1.8,1.13,1.19,1.0,1.89,1.55,4.0,1.18,119
2.77,1.18,1.87,1.0,1.33,4.51,7.0,1.65,120
1.32,1.32,1.19,1.49,2.36,1.22,7.0,1.12,121
2.34,1.36,1.0,1.0,1.14,3.74,4.0,1.28,122
1.32,1.0,1.0,2.7,5.21,1.22,4.0,1.28,123
2.12,2.38,1.0,1.0,2.37,1.77,4.0,1.57,124
1.16,3.25,1.1,1.0,4.14,1.11,7.0,1.21,125
2.21,1.19,3.03,1.0,1.57,2.43,7.0,1.91,126
1.96,1.0,1.0,1.0,1.36,1.66,4.0,1.13,127
1.24,1.21,1.0,1.0,1.29,1.33,4.0,1.1,128
1.96,1.32,1.39,1.0,2.26,1.66,7.0,1.47,129
1.8,1.19,2.06,1.14,1.63,1.55,7.0,1.58,130
2.93,1.0,1.0,1.0,1.43,2.32,4.0,1.23,131
1.68,1.25,2.06,1.0,1.43,2.87,7.0,1.77,132
3.41,1.15,1.0,1.0,1.29,2.65,4.0,1.28,133
1.0,1.0,1.87,1.0,1.0,1.0,1.0,1.21,134
2.45,1.14,1.0,1.0,1.48,1.99,4.0,1.24,135
1.56,1.14,1.19,1.0,1.71,1.77,7.0,1.3,136
1.56,1.09,1.1,1.0,1.41,1.55,7.0,1.16,137
3.25,1.07,2.74,1.0,1.64,2.43,7.0,1.55,138
4.21,1.0,1.1,1.2,1.42,3.2,4.0,1.67,139
1.96,1.05,1.1,1.0,1.08,2.98,4.0,1.19,140
1.96,1.11,1.29,1.0,1.52,1.55,7.0,1.18,141
7.27,1.06,1.19,1.0,1.31,5.28,7.0,1.71,142
2.04,1.22,1.58,1.41,1.4,2.43,7.0,1.43,143
2.29,1.52,2.16,1.0,2.16,1.88,7.0,1.48,144
1.48,1.43,1.39,1.0,2.29,1.22,7.0,1.2,145
1.8,2.8,3.23,1.0,2.31,1.11,7.0,2.01,146
1.21,1.32,1.58,1.45,1.86,1.44,7.0,1.27,147
1.64,1.32,1.48,1.0,1.68,1.0,7.0,1.2,148
1.8,1.09,1.0,1.0,1.17,2.65,4.0,1.22,149
2.45,1.18,1.29,1.23,1.37,1.99,7.0,1.27,150
2.45,1.21,1.1,2.04,1.16,1.77,4.0,1.37,151
3.41,1.62,1.19,1.0,1.3,2.65,7.0,1.36,152
1.64,1.19,2.74,1.2,1.52,1.99,7.0,1.86,153
1.48,1.54,2.94,1.0,1.29,1.33,7.0,1.89,154
2.29,1.04,1.68,2.36,1.25,1.88,4.0,1.35,155
5.18,1.16,1.0,1.0,1.29,3.85,4.0,1.34,156
3.04,1.24,3.13,1.82,1.33,5.17,7.0,2.28,157
1.59,1.03,1.1,1.0,1.38,1.99,7.0,1.42,158
1.86,1.0,1.58,1.0,1.35,2.76,7.0,1.74,159
2.12,1.28,1.58,1.0,2.2,1.77,7.0,1.69,160
3.73,1.0,1.1,1.0,1.51,1.0,4.0,1.59,161
2.61,1.23,1.97,1.0,1.79,1.88,7.0,1.51,162
2.21,1.19,1.77,1.0,1.45,2.65,7.0,1.6,163
9.68,1.16,1.0,1.0,1.29,6.93,4.0,1.78,164
1.36,1.07,1.97,2.27,1.54,1.99,7.0,1.5,165
1.08,1.0,1.19,3.14,1.57,1.11,4.0,1.1,166
1.64,1.08,1.39,2.84,1.29,1.44,4.0,1.4,167
1.0,1.0,1.0,1.0,1.0,1.0,1.0,1.14,168
3.57,1.34,4.0,1.0,2.07,2.76,7.0,1.95,169
2.93,1.0,1.0,1.0,1.37,2.32,4.0,1.23,170
1.39,1.21,3.13,1.0,2.69,2.21,7.0,2.14,171
2.12,1.18,1.58,1.0,1.33,1.77,7.0,1.26,172
1.64,1.4,1.0,1.0,1.43,1.44,4.0,1.08,173
2.93,1.08,1.0,1.0,1.29,2.32,4.0,1.2,174
1.16,4.86,1.29,1.83,3.43,1.11,7.0,1.26,175
2.29,1.14,1.1,1.38,1.3,2.76,4.0,1.37,176
1.35,1.03,1.1,1.0,1.22,2.21,7.0,1.18,177
1.05,4.86,1.0,1.46,1.0,1.22,1.0,1.15,178
4.7,1.0,1.0,1.0,1.43,1.0,4.0,1.42,179
1.0,1.0,1.0,1.0,1.0,1.0,1.0,1.09,180
1.88,1.2,1.1,1.0,1.35,2.21,4.0,1.37,181
2.12,2.19,2.26,1.0,1.55,1.77,7.0,1.34,182
1.64,1.16,1.19,1.58,1.54,1.44,7.0,1.16,183
3.57,1.34,4.0,1.18,1.96,2.54,7.0,2.53,184
1.32,2.93,1.29,1.42,1.14,1.22,4.0,1.18,185
2.77,1.12,3.03,1.0,1.61,2.1,7.0,1.69,186
2.93,1.16,1.19,1.0,1.57,2.32,7.0,1.29,187
2.77,1.47,2.26,1.0,1.34,2.21,7.0,1.43,188
3.89,1.0,1.29,1.77,1.25,2.98,4.0,1.7,189
4.21,1.08,1.68,1.21,1.54,3.2,7.0,1.54,190
2.12,1.14,1.48,1.0,1.82,1.77,7.0,1.34,191
2.45,1.29,1.58,1.0,1.43,1.99,7.0,1.32,192
2.29,1.64,3.23,1.19,2.04,1.44,7.0,2.21,193
2.37,1.23,1.1,1.0,1.26,2.87,7.0,1.32,194
1.48,1.21,1.19,1.0,1.55,1.66,7.0,1.26,195
1.16,1.0,1.0,1.0,1.29,4.07,4.0,1.9,196
1.64,1.08,1.0,1.0,1.29,1.44,4.0,1.13,197
1.8,1.35,2.84,1.0,2.11,1.99,7.0,1.76,198
1.32,1.32,1.29,1.34,2.0,1.22,7.0,1.21,199
2.69,1.0,1.0,1.0,1.46,3.3,4.0,1.55,200
2.45,1.18,1.0,1.0,1.35,1.99,4.0,1.17,201
2.45,1.11,1.39,1.17,1.27,1.99,7.0,1.24,202
1.08,1.64,1.0,1.73,3.07,1.22,4.0,1.29,203
2.12,2.1,1.58,1.0,1.73,1.77,7.0,1.37,204
3.41,1.11,1.39,1.0,1.29,2.65,7.0,1.27,205
2.29,1.32,1.39,1.0,1.61,1.88,7.0,1.27,206
3.73,1.17,1.29,1.0,1.33,2.87,7.0,1.53,207
1.4,1.13,1.58,1.38,1.8,1.33,7.0,1.48,208
2.93,1.08,1.0,1.0,1.29,2.32,4.0,1.23,209
1.48,1.54,1.58,1.0,1.48,1.33,7.0,1.32,210
1.8,1.26,1.29,1.0,1.5,2.1,7.0,1.44,211
1.16,1.32,1.29,2.88,1.43,1.11,7.0,1.27,212
1.8,1.51,1.39,1.0,1.43,1.44,7.0,1.18,213
1.16,1.32,2.06,3.41,5.29,1.11,7.0,1.24,214
3.41,1.24,4.0,1.0,2.27,2.65,7.0,2.18,215
4.21,1.11,1.29,1.0,1.31,3.2,7.0,1.51,216
1.72,1.29,2.06,1.0,2.05,1.99,7.0,1.65,217
2.29,1.2,1.0,1.0,1.2,1.88,4.0,1.14,218
2.77,1.2,2.45,3.78,2.12,1.55,10.0,2.2,219
1.16,1.0,1.0,1.0,1.57,1.0,4.0,1.03,220
1.96,1.16,1.39,1.0,1.29,1.66,4.0,1.24,221
2.25,1.03,3.13,1.0,1.76,4.4,7.0,2.09,222
3.41,1.0,1.0,1.0,1.72,2.65,4.0,1.53,223
3.41,1.15,1.0,1.0,1.29,2.65,4.0,1.24,224
1.88,1.35,1.29,1.0,1.48,2.21,7.0,1.32,225
2.45,1.14,1.68,1.0,1.56,1.99,7.0,1.3,226
1.16,1.32,1.1,1.0,1.43,1.11,4.0,1.07,227
1.25,1.12,1.0,1.0,1.29,4.95,4.0,2.17,228
2.12,1.14,1.0,1.0,1.29,1.77,4.0,1.09,229
3.09,1.15,3.13,8.2,1.13,2.21,4.0,2.54,230
1.88,1.35,1.19,1.0,1.27,2.21,7.0,1.23,231
1.16,1.32,1.19,1.51,3.57,1.11,7.0,1.12,232
1.48,1.21,1.0,1.0,1.43,1.33,4.0,1.07,233
2.77,1.47,2.55,1.0,1.88,2.21,7.0,1.49,234
1.24,1.21,1.19,1.0,1.29,1.33,4.0,1.19,235
2.77,1.82,1.0,1.0,1.0,2.21,1.0,1.22,236
1.0,1.0,1.0,1.0,1.0,1.0,1.0,1.0,237
5.02,1.15,1.0,1.0,1.29,3.74,4.0,1.39,238
2.61,1.29,1.19,1.0,2.09,1.99,7.0,1.58,239
2.77,1.23,1.29,1.0,1.23,2.21,7.0,1.21,240
3.41,1.12,1.1,1.2,1.28,4.29,4.0,1.58,241
1.8,1.0,1.0,1.0,1.71,1.55,4.0,1.3,242
1.8,1.39,2.45,1.12,1.76,2.1,7.0,1.45,243
1.64,1.2,1.0,1.0,1.29,1.88,4.0,1.39,244
2.29,1.52,1.58,1.0,1.98,1.88,7.0,1.39,245
2.29,1.16,2.35,1.0,2.02,1.77,7.0,1.34,246
1.48,1.11,1.0,1.0,1.38,1.33,4.0,1.07,247
3.73,1.23,1.97,1.0,1.52,2.87,7.0,1.58,248
2.29,1.24,2.16,1.0,2.07,1.66,7.0,1.54,249
1.48,1.07,1.19,1.0,1.38,1.99,7.0,1.18,250
1.24,1.54,1.58,1.47,2.43,1.33,4.0,1.21,251
1.16,1.32,1.29,7.17,1.29,1.33,4.0,1.16,252
5.02,1.17,2.16,1.06,1.78,3.74,7.0,2.46,253
2.12,1.16,1.29,1.0,1.33,2.54,7.0,1.27,254
1.11,1.16,1.0,3.37,1.14,1.22,4.0,1.08,255
1.16,1.96,1.19,7.92,1.29,1.11,4.0,1.08,256
1.32,1.16,1.0,1.0,1.29,1.22,4.0,1.02,257
2.45,1.11,1.39,1.0,1.35,1.99,7.0,1.31,258
2.45,1.39,1.39,1.0,1.32,1.0,4.0,1.55,259
2.21,1.16,2.06,1.0,1.48,3.85,7.0,2.03,260
2.12,1.28,1.97,1.0,1.27,4.07,7.0,1.94,261
3.09,1.38,2.16,1.0,1.79,1.99,7.0,2.59,262
1.96,1.54,1.1,1.34,1.38,1.66,7.0,1.19,263
1.16,9.68,1.29,1.39,6.86,1.11,7.0,1.37,264
1.0,1.0,1.39,9.56,1.0,1.0,1.0,1.89,265
1.88,1.15,1.0,1.0,1.27,2.21,4.0,1.21,266
1.48,1.26,1.58,1.12,1.37,2.65,7.0,1.59,267
1.96,1.11,1.0,1.0,1.29,1.66,4.0,1.12,268
2.61,1.1,1.1,1.0,1.29,2.1,7.0,1.27,269
2.29,1.18,1.87,1.0,1.62,2.76,7.0,1.5,270
3.09,1.3,1.58,1.0,1.54,2.32,7.0,1.49,271
1.8,1.06,1.29,1.52,1.94,1.55,7.0,1.49,272
2.29,1.22,3.61,1.21,1.7,2.76,7.0,1.78,273
1.8,1.06,1.1,1.0,1.29,1.55,7.0,1.13,274
1.48,1.54,1.19,1.88,2.0,1.33,7.0,1.45,275
1.0,1.0,1.0,1.0,1.0,1.0,1.0,1.13,276
2.29,1.16,1.0,1.0,1.29,1.88,4.0,1.11,277
2.61,1.03,1.68,1.13,1.47,1.77,7.0,1.44,278
2.21,1.04,1.29,1.0,1.91,1.77,7.0,1.79,279
1.8,1.39,2.06,1.0,1.8,1.55,7.0,1.29,280
1.0,1.0,1.0,1.0,1.0,1.0,1.0,1.0,281
1.64,1.32,2.55,1.0,2.21,1.88,7.0,1.82,282
3.09,1.32,1.19,1.0,1.38,2.43,7.0,1.43,283
1.54,1.1,2.55,1.24,2.26,1.66,7.0,1.89,284
2.12,1.18,1.1,1.0,1.51,1.77,7.0,1.13,285
1.32,1.32,1.39,1.16,1.29,1.22,4.0,1.32,286
3.41,1.0,1.0,1.0,1.41,2.65,4.0,1.26,287
1.96,1.08,1.48,1.46,1.4,2.32,7.0,1.33,288
1.96,1.07,1.58,1.17,1.42,2.98,7.0,1.73,289
1.16,1.32,1.0,6.62,1.29,1.11,4.0,1.04,290
2.61,1.16,1.0,1.0,1.29,2.1,4.0,1.1,291
1.96,1.59,1.77,1.0,2.0,1.66,7.0,1.36,292
2.45,1.25,1.77,1.0,2.65,1.88,7.0,1.95,293
3.09,1.15,1.0,1.0,1.29,2.43,4.0,1.18,294
3.25,1.28,4.97,1.0,1.45,2.43,7.0,2.47,295
2.29,1.12,1.0,1.0,1.29,1.88,4.0,1.11,296
2.29,1.04,1.29,1.0,1.34,1.88,7.0,1.25,297
1.8,1.58,1.1,1.0,1.29,1.55,4.0,1.11,298
2.29,1.56,1.0,1.0,1.29,1.88,4.0,1.13,299
1.32,1.48,1.68,1.0,1.71,1.22,7.0,1.39,300
1.43,1.12,1.48,1.61,1.61,1.77,7.0,1.46,301
1.32,1.0,1.19,1.0,1.29,1.11,4.0,1.25,302
5.18,1.0,1.1,1.0,1.6,3.85,4.0,1.89,303
3.73,1.0,1.0,1.0,1.17,2.87,4.0,1.34,304
2.12,1.09,1.48,1.0,1.22,1.11,7.0,1.18,305
2.19,1.14,1.39,2.05,1.2,4.95,7.0,1.93,306
1.35,1.45,1.29,1.39,1.38,2.1,7.0,1.47,307
1.56,1.41,1.77,1.0,1.8,1.77,7.0,1.42,308
1.72,1.18,1.0,1.66,1.49,1.99,4.0,1.24,309
3.41,1.32,1.1,1.0,1.29,2.65,4.0,1.26,310
1.48,1.19,1.0,1.0,1.31,2.32,4.0,1.27,311
2.29,1.04,1.0,1.0,1.41,1.88,4.0,1.22,312
1.32,1.08,1.68,1.84,1.32,1.44,7.0,1.2,313
1.8,1.16,1.0,1.0,1.29,2.1,4.0,1.12,314
2.37,1.34,1.0,1.0,1.0,2.87,1.0,1.28,315
3.57,1.0,1.0,1.0,1.42,2.76,4.0,1.45,316
1.96,1.21,1.0,1.0,1.29,1.66,4.0,1.26,317
1.88,1.23,2.35,1.21,2.03,2.21,7.0,1.68,318
1.96,1.16,1.19,2.02,1.29,1.66,4.0,1.12,319
2.93,1.16,1.0,1.0,1.29,2.32,4.0,1.13,320
1.44,1.1,1.0,1.0,1.29,5.5,4.0,1.77,321
1.64,1.2,1.0,1.0,1.38,1.88,4.0,1.22,322
2.45,1.54,1.39,1.0,1.89,1.99,7.0,1.4,323
3.25,1.0,1.0,1.2,1.3,2.54,4.0,1.2,324
1.72,1.14,1.68,1.0,1.56,1.99,7.0,1.47,325
2.04,1.22,1.77,1.0,1.59,1.55,7.0,1.47,326
1.96,1.16,1.29,1.0,2.33,1.66,7.0,1.32,327
1.96,1.32,1.0,1.0,1.29,1.66,4.0,1.13,328
3.89,1.16,1.0,1.0,1.29,2.98,4.0,1.25,329
5.98,1.18,1.19,1.0,1.32,4.4,7.0,1.5,330
1.01,1.32,1.19,1.25,2.43,1.11,7.0,1.2,331
2.61,1.1,4.48,1.0,1.96,2.1,7.0,1.56,332
1.64,1.16,1.0,1.0,1.29,1.44,4.0,1.11,333
2.45,1.29,1.19,2.07,1.57,1.99,7.0,1.34,334
2.45,1.11,1.0,1.0,1.29,1.99,4.0,1.16,335
5.18,1.16,1.0,1.0,1.29,3.85,4.0,1.34,336
1.96,1.02,1.0,1.0,1.21,2.98,4.0,1.37,337
3.09,1.0,1.0,1.0,2.31,2.43,4.0,1.81,338
1.32,1.8,1.39,1.0,2.07,1.22,7.0,1.14,339
1.8,1.0,1.0,1.0,1.77,1.44,4.0,1.3,340
3.89,1.16,1.0,1.0,1.29,2.98,4.0,1.24,341
1.16,1.64,1.0,1.0,1.43,1.11,4.0,1.06,342
2.45,1.5,2.16,1.0,1.87,1.99,7.0,1.46,343
4.38,1.26,1.0,1.14,1.3,3.3,4.0,1.48,344
2.45,1.14,1.77,1.0,1.43,1.99,7.0,1.49,345
3.25,1.21,1.29,1.12,1.44,2.43,7.0,1.51,346
2.61,1.26,1.68,1.0,1.26,1.77,7.0,1.4,347
1.16,1.32,1.1,1.0,1.86,1.11,7.0,1.03,348
1.96,1.48,1.0,1.0,1.43,1.66,4.0,1.24,349
9.36,1.09,1.0,1.0,1.19,6.71,4.0,1.54,350
1.4,1.39,1.39,1.0,1.97,1.55,7.0,1.34,351
3.57,1.14,1.19,1.0,1.31,2.76,7.0,1.34,352
1.35,1.15,1.29,1.0,1.36,2.21,7.0,1.15,353
3.09,1.15,1.0,1.0,1.29,2.43,4.0,1.18,354
2.29,1.32,2.65,1.37,2.14,1.44,7.0,1.61,355
2.29,1.2,1.39,1.17,1.77,1.88,7.0,1.36,356
1.6,1.21,1.39,1.08,1.3,3.96,7.0,1.67,357
1.32,4.21,1.1,1.29,3.36,1.22,7.0,1.33,358
1.48,1.43,1.19,1.0,1.52,1.33,4.0,1.2,359
1.16,1.32,1.1,1.0,1.71,1.11,7.0,1.01,360
2.69,1.2,1.19,1.2,1.27,3.3,4.0,1.63,361
1.64,1.0,1.0,1.0,1.46,1.44,4.0,1.15,362
2.29,1.16,1.0,1.0,1.29,1.88,4.0,1.08,363
1.8,1.26,1.58,1.95,1.91,2.1,4.0,1.49,364
1.51,1.17,1.87,1.62,1.44,3.09,7.0,1.69,365
1.32,1.16,1.58,1.0,3.43,1.11,7.0,1.15,366
3.41,1.41,1.58,1.0,1.41,2.65,7.0,1.45,367
3.57,1.27,5.16,2.59,1.7,4.29,7.0,4.35,368
1.48,1.96,3.81,1.0,6.76,1.33,7.0,1.46,369
1.32,1.32,1.0,2.73,1.0,1.22,1.0,1.07,370
1.96,1.29,2.26,1.08,1.51,3.52,7.0,1.96,371
1.56,1.14,1.0,1.52,1.43,1.77,4.0,1.18,372
2.12,1.48,2.45,1.0,1.83,1.11,7.0,1.62,373
3.57,1.62,1.48,1.0,1.29,2.76,4.0,1.31,374
2.45,1.11,1.68,1.54,1.67,1.77,7.0,1.41,375
3.25,1.3,1.19,1.28,1.6,2.54,4.0,1.4,376
1.16,5.82,2.06,1.16,9.71,1.11,7.0,1.39,377
1.72,1.25,1.19,1.0,1.35,1.99,7.0,1.42,378
1.56,1.51,4.29,1.0,5.41,1.44,7.0,2.4,379
2.29,1.2,2.35,1.0,2.38,1.77,7.0,1.49,380
3.09,1.0,1.48,1.0,1.63,2.43,7.0,1.5,381
1.32,1.16,1.1,2.21,1.68,1.88,4.0,1.4,382
3.09,1.22,1.77,2.58,1.2,2.21,7.0,1.45,383
1.8,1.06,1.0,1.0,1.57,1.55,4.0,1.14,384
1.25,1.12,1.0,1.0,1.34,4.95,4.0,1.88,385
1.48,1.32,1.29,1.0,2.19,1.33,7.0,1.23,386
1.16,1.0,1.0,1.0,1.29,1.11,4.0,2.14,387
1.64,1.0,1.19,1.0,1.43,1.44,7.0,1.07,388
2.04,1.22,1.29,1.14,1.36,2.43,7.0,1.27,389
1.93,1.43,3.32,1.0,1.76,3.85,7.0,2.47,390
2.93,1.16,1.58,1.0,1.36,2.32,7.0,1.23,391
1.8,1.1,1.48,1.49,1.23,1.99,7.0,1.17,392
3.09,1.22,1.39,1.11,1.4,2.43,7.0,1.35,393
1.32,1.64,1.58,1.0,2.29,1.44,7.0,1.28,394
4.54,1.32,1.97,1.0,1.57,3.41,7.0,1.7,395
1.56,1.14,1.48,1.0,1.49,1.77,7.0,1.22,396
1.16,1.43,1.77,3.25,3.52,1.33,7.0,1.63,397
1.0,1.0,1.0,1.0,1.0,1.0,1.0,1.41,398
10.0,1.15,1.0,1.0,1.29,7.15,4.0,1.8,399
3.89,1.02,1.0,1.0,1.3,2.87,4.0,1.4,400
2.45,1.32,1.0,1.0,1.56,1.99,4.0,1.38,401
2.45,1.18,1.48,1.0,1.62,1.99,7.0,1.27,402
2.61,1.03,1.0,1.0,1.3,2.1,4.0,1.24,403
1.48,1.86,1.0,1.0,1.29,1.33,4.0,1.12,404
1.48,1.07,1.1,1.0,1.29,1.99,7.0,1.28,405
5.66,1.0,1.0,1.0,1.54,4.18,4.0,1.66,406
1.11,2.77,1.0,1.16,2.07,1.44,4.0,1.52,407
1.48,1.75,1.19,3.18,1.24,1.11,7.0,1.21,408
1.8,1.13,1.19,1.0,1.39,2.1,7.0,1.24,409
3.41,1.13,1.0,1.48,1.24,2.65,4.0,1.27,410
3.25,1.23,1.87,1.0,1.78,2.54,7.0,1.71,411
2.93,1.16,1.0,1.0,1.55,2.32,4.0,1.41,412
4.21,1.13,1.97,1.09,1.43,3.09,7.0,1.68,413
1.75,1.21,1.29,1.0,1.29,2.54,7.0,1.41,414
1.16,2.61,1.1,1.0,1.29,1.11,7.0,1.05,415
3.09,1.45,1.58,2.29,1.43,1.11,7.0,1.37,416
1.16,1.06,1.0,1.0,1.17,1.55,4.0,1.1,417
2.29,1.16,1.0,1.0,1.29,1.88,4.0,1.08,418
3.41,1.43,2.65,1.0,1.89,2.32,7.0,1.65,419
1.29,1.14,1.0,1.31,1.16,1.99,4.0,1.37,420
2.45,1.39,1.48,1.0,1.3,1.99,4.0,1.65,421
1.64,1.32,1.39,1.0,1.71,1.44,7.0,1.17,422
2.77,1.15,1.1,1.0,1.45,2.21,7.0,1.43,423
4.54,1.29,1.0,1.0,1.29,3.41,4.0,1.39,424
1.16,10.0,1.0,1.0,5.29,1.11,4.0,1.18,425
1.43,1.56,1.77,3.25,1.21,1.11,4.0,1.21,426
1.36,1.43,1.29,1.11,1.78,1.77,7.0,1.52,427
1.16,2.29,1.39,6.52,10.0,1.11,7.0,1.37,428
1.32,1.59,2.16,1.27,2.55,1.44,7.0,1.44,429
2.12,1.11,1.58,1.0,1.6,2.54,7.0,1.55,430
1.08,1.96,1.29,1.0,2.71,1.11,7.0,1.2,431
1.0,1.0,1.0,1.0,1.0,1.0,1.0,1.06,432
1.96,1.27,1.48,1.0,1.55,1.66,4.0,1.3,433
2.77,1.0,1.0,1.0,1.43,2.21,4.0,1.24,434
3.89,1.02,1.39,2.7,1.17,2.98,4.0,1.44,435
5.5,1.17,1.0,1.0,1.29,4.07,4.0,1.38,436
3.09,1.0,1.48,1.7,1.86,1.0,7.0,2.34,437
5.82,1.15,1.0,1.0,1.29,4.29,4.0,1.48,438
3.57,1.0,1.0,1.0,2.31,2.76,4.0,1.86,439
1.96,1.11,1.0,1.0,1.38,1.66,4.0,1.13,440
4.7,1.0,1.0,1.0,1.6,3.52,4.0,1.62,441
2.93,1.19,1.0,1.0,1.29,2.32,4.0,1.19,442
5.5,1.38,1.0,1.0,1.3,4.07,4.0,1.76,443
1.48,1.21,1.0,1.0,1.33,1.33,4.0,1.05,444
1.48,1.32,3.42,1.0,3.14,1.22,7.0,1.48,445
3.41,1.19,1.77,1.0,1.31,2.43,7.0,1.49,446
2.12,1.0,1.0,1.0,1.29,1.77,4.0,1.15,447
2.45,1.15,1.0,1.11,1.28,3.96,4.0,1.4,448
1.16,1.0,1.19,1.7,2.29,1.11,7.0,1.04,449
1.32,1.48,1.58,7.02,1.14,1.22,7.0,1.36,450
1.96,1.11,1.19,1.0,1.4,1.66,7.0,1.17,451
1.8,1.0,1.77,1.0,2.66,1.55,7.0,1.4,452
5.98,1.35,3.9,1.0,1.88,3.85,7.0,2.82,453
1.16,1.32,1.19,1.0,1.43,1.11,7.0,1.06,454
2.29,1.0,1.39,1.31,1.45,1.88,4.0,1.35,455
3.09,1.17,1.48,1.0,1.35,2.43,7.0,1.34,456
4.05,1.56,2.16,1.0,1.3,3.09,7.0,1.74,457
1.64,1.08,1.1,1.43,1.64,1.44,7.0,1.14,458
1.96,1.54,2.65,1.0,2.1,2.32,7.0,1.8,459
2.21,1.49,1.39,1.0,1.48,2.65,7.0,1.52,460
1.91,1.19,1.68,1.11,1.38,2.65,7.0,1.45,461
1.8,1.26,1.19,2.08,1.37,2.1,7.0,1.17,462
1.2,2.35,1.0,1.0,1.17,1.55,4.0,1.14,463
2.29,1.16,1.19,1.0,1.34,1.88,7.0,1.16,464
4.05,1.0,1.0,1.0,1.44,3.09,4.0,1.37,465
1.96,1.19,1.1,1.5,1.25,2.32,7.0,1.31,466
2.12,1.23,1.48,1.0,1.49,1.77,7.0,1.21,467
3.33,1.21,1.19,1.0,1.34,4.18,7.0,1.52,468
3.73,1.0,1.0,1.0,1.4,2.87,4.0,1.32,469
3.09,1.37,2.26,1.17,1.55,2.43,7.0,2.12,470
2.61,1.61,1.48,1.0,1.59,1.33,7.0,1.28,471
1.4,1.26,1.77,1.0,1.49,1.55,7.0,1.33,472
1.92,1.29,1.48,1.0,1.12,3.52,7.0,1.43,473
3.41,1.15,1.0,1.0,1.29,2.65,4.0,1.28,474
1.57,1.12,1.0,1.0,1.24,5.28,4.0,1.68,475
1.36,1.18,1.1,1.09,1.5,2.98,4.0,1.7,476
2.29,1.0,1.19,1.44,1.79,1.0,4.0,1.53,477
2.21,1.39,1.97,1.0,1.49,2.54,7.0,1.52,478
4.38,1.11,1.0,1.11,1.27,3.3,4.0,1.69,479
2.37,1.34,1.29,1.0,1.35,2.87,7.0,1.31,480
1.32,2.61,2.26,1.0,5.57,1.22,7.0,1.33,481
1.32,1.32,1.19,1.0,1.71,1.22,7.0,1.04,482
1.32,1.16,1.1,1.96,1.43,1.44,7.0,1.15,483
4.38,1.21,1.1,1.0,1.29,3.3,7.0,1.36,484
1.32,1.0,1.0,1.0,2.5,1.22,4.0,1.55,485
1.4,1.06,1.0,1.0,1.31,1.55,4.0,1.08,486
3.41,1.15,1.0,1.0,1.29,4.29,4.0,1.56,487
3.41,1.0,2.35,1.37,1.96,2.65,7.0,2.04,488
1.16,1.32,1.1,1.0,2.0,1.11,7.0,1.05,489
3.57,1.0,1.0,1.0,1.41,2.76,4.0,1.39,490
4.38,1.17,1.0,1.0,1.29,3.3,4.0,1.26,491
1.64,1.32,1.19,1.0,1.39,1.33,7.0,1.15,492
3.89,1.16,1.0,1.0,1.29,2.98,4.0,1.23,493
1.16,1.48,1.39,1.0,2.57,1.22,7.0,1.19,494
2.61,1.34,1.0,1.18,1.17,3.2,4.0,1.34,495
4.38,1.28,2.16,1.08,1.48,3.2,7.0,1.76,496
1.88,1.09,1.0,1.33,1.26,2.21,4.0,1.23,497
4.54,1.09,1.87,1.0,1.35,3.41,7.0,1.55,498
1.32,1.48,2.45,1.0,5.5,1.22,7.0,1.52,499
3.89,1.16,1.0,1.0,1.29,2.98,4.0,1.2,500
1.72,1.39,2.55,1.0,2.38,1.88,7.0,1.56,501
9.68,1.16,1.0,1.0,1.29,6.93,4.0,1.78,502
1.48,1.75,1.29,1.0,1.62,1.33,7.0,1.14,503
4.38,1.0,1.0,1.0,1.56,3.3,4.0,1.57,504
6.79,1.17,1.0,1.0,1.26,4.95,4.0,2.66,505
1.21,1.72,1.0,1.0,1.54,1.44,4.0,1.21,506
1.8,1.23,1.0,1.58,1.56,2.1,4.0,1.34,507
1.86,1.32,1.0,1.0,1.29,2.76,4.0,1.34,508
2.04,1.2,1.1,1.19,1.29,2.43,4.0,1.28,509
1.96,1.32,1.39,1.23,2.07,1.66,7.0,1.44,510
1.48,1.21,1.1,2.25,1.19,1.33,4.0,1.1,511
1.4,1.16,1.0,1.0,1.31,2.1,4.0,1.26,512
3.73,1.13,1.0,1.0,1.25,2.87,4.0,1.23,513
2.77,1.0,2.84,1.0,3.58,2.21,7.0,2.15,514
5.18,1.0,1.0,1.0,1.6,3.85,4.0,1.96,515
1.8,1.13,1.0,1.0,1.29,1.55,4.0,1.1,516
1.72,1.14,1.48,1.0,1.49,1.99,7.0,1.27,517
3.25,1.16,1.0,1.0,1.29,2.54,4.0,1.15,518
1.46,1.25,3.52,1.28,1.82,1.11,7.0,2.1,519
5.18,1.16,1.0,1.0,1.29,3.85,4.0,1.34,520
2.21,1.04,1.0,3.68,1.16,2.65,4.0,1.27,521
1.96,1.08,1.48,1.0,1.26,2.32,7.0,1.2,522
1.56,1.14,1.48,1.17,1.49,1.66,7.0,1.26,523
3.73,1.15,1.1,1.0,1.31,2.87,7.0,1.32,524
1.7,1.45,4.0,1.0,2.84,2.1,7.0,2.01,525
3.09,1.54,1.77,1.24,1.65,2.1,7.0,1.55,526
2.29,1.26,1.77,1.0,1.4,2.65,7.0,1.61,527
1.72,1.18,1.1,1.0,1.33,1.99,7.0,1.16,528
6.79,1.15,1.1,1.0,1.37,4.95,7.0,1.86,529
3.09,1.47,2.65,1.0,1.9,2.43,7.0,1.91,530
1.96,1.59,2.16,1.68,2.33,1.66,7.0,1.4,531
1.16,1.96,1.0,1.0,1.71,1.11,4.0,1.04,532
1.96,1.05,2.55,2.81,1.08,2.98,4.0,1.45,533
1.72,1.18,1.58,1.5,1.54,1.88,7.0,1.38,534
2.77,1.2,1.48,2.1,1.35,2.21,4.0,1.26,535
2.93,1.16,1.0,1.0,1.29,2.32,4.0,1.2,536
3.41,1.28,2.26,1.18,1.61,2.54,7.0,1.87,537
2.45,1.25,1.1,2.22,1.21,1.99,4.0,1.42,538
1.16,1.32,1.58,1.0,1.29,1.11,4.0,1.09,539
1.48,1.0,1.29,3.37,1.52,1.33,4.0,1.14,540
1.32,1.05,1.0,1.0,1.33,1.66,4.0,1.19,541
3.41,1.73,3.03,1.0,1.9,2.65,7.0,1.86,542
1.0,1.0,1.0,1.0,1.0,1.0,1.0,1.41,543
1.16,1.32,1.58,4.75,2.57,1.11,7.0,1.13,544
1.48,1.54,1.68,1.0,2.95,1.33,7.0,1.26,545
1.0,1.0,1.0,1.0,1.0,1.0,1.0,1.0,546
1.16,1.0,1.0,1.0,1.29,1.11,4.0,1.04,547
1.48,1.16,1.0,1.42,1.29,1.66,4.0,1.1,548
1.32,1.4,1.19,1.0,1.46,1.44,7.0,1.12,549
1.72,1.32,1.58,1.0,1.4,1.99,7.0,1.39,550
1.64,1.4,1.0,1.0,1.29,1.33,4.0,1.13,551
1.0,1.0,1.1,1.59,1.0,1.0,1.0,1.17,552
1.96,1.21,1.48,1.0,1.36,2.32,4.0,1.49,553
4.54,1.12,1.0,1.0,1.3,3.41,4.0,1.38,554
1.48,1.54,1.58,1.0,2.14,1.22,7.0,1.15,555
2.12,1.14,1.0,1.0,1.29,1.77,4.0,1.1,556
1.88,1.15,1.29,1.67,1.27,2.21,7.0,1.5,557
1.52,1.25,1.1,1.0,1.47,2.21,4.0,1.28,558
1.0,1.0,1.0,1.0,1.0,1.0,1.0,1.07,559
2.53,1.05,1.58,1.37,1.32,3.09,7.0,1.37,560
5.34,1.0,1.0,1.0,1.53,3.96,4.0,1.64,561
2.29,1.18,3.61,1.0,2.24,2.65,7.0,1.81,562
1.84,1.05,1.0,1.0,1.11,3.85,4.0,1.5,563
1.96,1.19,2.45,1.36,1.67,2.21,7.0,1.63,564
1.96,1.16,1.19,1.16,1.38,2.21,7.0,1.28,565
2.93,1.32,1.58,1.0,1.42,2.32,4.0,1.54,566
4.05,1.2,2.84,1.0,1.67,2.43,7.0,2.08,567
1.8,1.06,1.19,1.62,1.17,1.55,4.0,1.18,568
1.16,1.32,1.39,5.63,1.43,1.11,7.0,1.14,569
2.21,1.36,1.19,1.11,1.44,2.54,7.0,1.56,570
1.32,1.05,1.39,2.73,1.31,1.66,4.0,1.19,571
1.56,1.09,2.06,2.12,2.27,1.77,7.0,1.59,572
2.45,1.18,1.0,1.0,1.49,1.99,4.0,1.24,573
2.12,1.69,1.58,1.11,1.78,1.77,7.0,1.74,574
2.29,1.04,2.06,2.92,1.04,1.88,4.0,1.17,575
2.29,1.08,1.48,2.76,1.11,1.88,4.0,1.13,576
1.48,1.43,1.87,1.0,3.02,1.66,7.0,1.61,577
1.56,1.23,2.16,1.26,1.78,1.33,7.0,1.61,578
2.45,1.07,1.0,1.23,1.27,1.99,4.0,1.19,579
1.64,1.0,1.0,1.0,1.46,1.44,4.0,1.19,580
1.32,2.61,1.1,1.0,1.71,1.11,7.0,1.27,581
7.11,1.16,1.0,1.0,1.26,5.17,4.0,1.6,582
1.96,1.32,1.1,1.35,1.31,1.66,4.0,1.18,583
2.61,1.11,2.94,1.18,1.26,3.2,7.0,1.64,584
1.75,1.05,2.35,1.0,1.49,2.32,7.0,1.73,585
1.56,1.16,2.45,1.0,1.87,2.32,7.0,2.14,586
2.04,1.49,1.0,2.08,1.18,2.43,4.0,1.24,587
1.56,1.05,1.58,2.23,1.59,1.77,7.0,1.3,588
1.0,1.0,1.39,8.05,1.0,1.0,1.0,1.56,589
1.72,1.43,1.48,1.0,1.76,1.88,7.0,1.34,590
1.8,1.0,1.0,1.0,2.94,1.55,4.0,1.57,591
1.36,1.21,4.48,1.38,1.66,3.2,7.0,2.76,592
2.45,1.25,1.68,1.0,1.72,2.54,7.0,1.8,593
1.32,1.11,1.0,1.0,1.38,1.66,4.0,1.17,594
2.45,1.06,2.55,1.0,1.79,3.96,7.0,2.55,595
1.64,1.12,1.77,1.0,1.89,1.77,7.0,1.38,596
2.12,1.28,1.39,1.0,1.61,1.66,4.0,1.29,597
1.16,2.93,1.29,1.0,3.43,1.11,7.0,1.15,598
2.77,1.18,1.29,1.25,1.32,2.21,7.0,1.21,599
4.21,1.45,2.35,1.0,1.52,3.2,7.0,1.52,600
3.41,1.04,1.77,1.0,1.63,2.65,7.0,1.64,601
3.57,1.22,1.48,1.0,1.21,2.65,7.0,1.3,602
1.96,1.05,1.19,1.0,1.48,1.66,7.0,1.18,603
2.61,1.35,1.87,1.0,1.34,2.1,7.0,1.94,604
2.93,1.24,1.58,1.0,1.82,2.32,4.0,1.48,605
4.05,1.0,1.0,1.0,1.41,3.09,4.0,1.45,606
1.16,1.64,1.0,1.0,1.29,1.11,4.0,1.02,607
6.62,1.17,1.58,1.99,1.2,4.73,7.0,1.6,608
1.96,1.27,2.65,1.0,2.38,1.66,7.0,1.89,609
2.29,1.2,1.97,1.0,1.31,2.76,7.0,1.45,610
1.08,4.86,1.0,1.45,3.14,1.11,4.0,1.09,611
1.8,1.19,1.0,1.0,1.36,2.1,4.0,1.31,612
1.16,1.16,1.19,1.0,1.43,1.44,7.0,1.13,613
3.25,1.32,1.1,1.0,1.29,2.54,7.0,1.25,614
9.68,1.16,1.0,1.0,1.29,6.93,4.0,1.79,615
3.25,1.28,4.77,1.0,2.27,1.99,7.0,2.75,616
2.12,1.16,1.19,1.0,1.34,2.54,7.0,1.21,617
2.04,1.45,3.03,1.53,1.93,2.32,7.0,1.7,618
3.09,1.62,4.29,1.0,2.97,2.43,7.0,2.41,619
1.64,1.32,1.39,1.0,2.07,1.11,7.0,1.22,620
1.16,1.32,1.19,6.62,1.29,1.11,4.0,1.07,621
1.16,1.96,1.0,2.73,1.29,1.0,4.0,1.06,622
1.88,1.26,1.1,1.0,1.88,2.1,7.0,1.53,623
3.89,1.16,1.0,1.0,1.29,2.98,4.0,1.23,624
1.72,1.04,1.0,1.75,1.19,1.99,4.0,1.33,625
6.95,1.17,1.1,1.21,1.26,5.06,4.0,1.82,626
9.68,1.16,1.0,1.0,1.29,6.93,4.0,1.79,627
4.54,1.15,1.97,1.61,1.23,3.41,4.0,1.34,628
2.02,1.19,3.13,1.32,1.77,3.09,7.0,1.72,629
2.29,1.04,2.06,2.92,1.04,1.88,4.0,1.17,630
1.16,1.32,1.0,1.0,1.29,1.11,4.0,1.01,631
1.84,1.11,1.1,1.0,1.17,3.3,7.0,1.24,632
1.54,1.19,1.19,1.0,1.29,2.1,7.0,1.29,633
2.12,1.09,1.68,1.45,1.35,1.66,7.0,1.37,634
5.02,1.0,1.0,1.0,1.61,3.74,4.0,1.83,635
1.16,1.32,1.19,1.0,2.43,1.11,7.0,1.08,636
3.25,1.0,1.0,1.0,1.4,2.54,4.0,1.27,637
3.41,1.19,2.94,1.0,1.56,4.29,7.0,2.44,638
1.16,1.32,1.1,1.0,2.0,1.11,7.0,1.03,639
1.96,1.41,3.13,1.0,1.82,3.41,7.0,2.57,640
3.57,1.3,1.58,1.74,1.44,2.76,7.0,1.75,641
1.48,1.32,1.39,1.0,2.81,1.33,7.0,1.29,642
4.21,1.1,1.0,1.26,1.24,3.2,4.0,1.45,643
1.96,1.27,1.97,2.12,1.45,2.32,7.0,1.47,644
1.64,1.0,1.19,1.45,2.29,1.44,4.0,1.55,645
1.02,8.39,1.0,1.0,3.57,1.11,4.0,1.23,646
1.96,2.18,1.19,1.46,1.38,1.66,4.0,1.38,647
8.07,1.15,1.19,1.0,1.3,5.83,7.0,2.04,648
1.0,1.0,1.0,1.0,1.0,1.0,1.0,1.07,649
3.73,1.3,1.0,1.0,1.34,2.87,4.0,1.24,650
4.05,1.27,1.58,2.79,1.82,3.09,7.0,1.88,651
3.73,1.32,6.13,1.0,2.66,2.76,7.0,2.68,652
2.12,1.51,2.35,1.0,2.82,1.33,7.0,1.98,653
2.93,1.16,1.0,1.0,1.29,2.32,4.0,1.12,654
3.09,1.12,2.55,1.93,1.55,2.32,7.0,1.84,655
2.29,1.12,1.48,1.0,1.52,1.77,7.0,1.35,656
4.7,1.0,1.29,1.25,1.41,3.52,4.0,1.48,657
3.73,1.04,1.0,3.4,1.08,2.87,4.0,1.3,658
2.12,1.0,1.1,1.4,1.71,1.77,7.0,1.57,659
1.8,1.02,1.1,2.44,1.15,2.65,4.0,1.32,660
1.64,1.13,1.29,1.0,1.55,2.1,7.0,1.39,661
3.25,1.34,2.55,1.51,1.81,2.54,4.0,1.66,662
3.25,1.23,1.39,1.0,1.43,2.32,7.0,1.44,663
1.0,1.0,1.0,1.83,1.0,1.0,1.0,1.12,664
2.61,1.0,1.0,1.0,2.24,2.1,4.0,1.76,665
1.16,1.32,1.87,1.0,7.0,1.11,7.0,1.29,666
2.88,1.18,3.52,1.04,1.65,4.73,7.0,2.95,667
1.16,1.96,1.0,1.0,6.14,1.11,4.0,1.38,668
1.8,1.1,1.19,1.0,1.36,2.1,7.0,1.23,669
4.05,1.0,1.0,1.0,1.4,3.09,4.0,1.43,670
1.96,1.11,1.19,1.0,1.33,1.66,7.0,1.16,671
2.77,1.12,1.19,1.0,1.32,2.21,7.0,1.36,672
2.45,1.29,1.39,1.0,1.44,1.88,7.0,1.3,673
1.39,1.11,1.39,1.0,1.46,2.87,7.0,1.84,674
2.61,1.42,1.58,1.0,1.51,2.1,7.0,1.47,675
5.5,1.17,1.39,1.0,1.36,4.07,7.0,1.75,676
5.18,1.0,1.0,1.0,1.35,3.85,4.0,1.41,677
3.57,1.44,2.45,1.17,1.7,2.76,7.0,1.82,678
1.16,5.18,1.77,1.72,6.71,1.11,7.0,1.23,679
2.77,1.15,1.0,1.0,1.29,2.21,4.0,1.16,680
1.96,1.16,1.0,1.14,1.29,2.98,4.0,1.31,681
1.8,1.06,1.29,1.31,1.71,1.55,7.0,1.17,682
3.89,1.0,1.0,1.0,1.37,2.98,4.0,1.35,683
1.4,1.13,1.39,1.2,2.43,1.55,7.0,1.32,684
1.88,1.0,1.0,1.0,1.36,1.66,4.0,1.86,685
1.96,1.16,1.29,1.0,1.81,1.66,7.0,1.31,686
2.29,1.04,1.19,1.47,1.32,1.88,7.0,1.19,687
1.0,1.0,1.0,1.0,1.0,1.0,1.0,1.03,688
2.61,1.19,1.58,1.0,1.4,2.1,7.0,1.44,689
1.6,1.11,1.87,1.0,1.63,2.65,7.0,1.65,690
1.0,1.0,1.0,1.0,1.0,1.0,1.0,1.05,691
1.64,1.32,1.19,1.0,1.36,1.44,4.0,1.16,692
2.77,1.5,1.39,1.0,1.43,2.21,4.0,1.55,693
2.45,1.14,1.0,1.0,1.29,1.99,4.0,1.13,694
1.8,1.0,1.48,1.0,1.49,1.55,7.0,1.43,695
2.61,1.0,1.58,1.0,1.41,3.2,7.0,1.66,696
2.21,1.15,1.19,1.26,1.37,2.54,7.0,1.36,697
1.52,1.22,1.58,1.0,1.29,2.32,7.0,1.42,698
3.25,1.18,1.0,1.0,1.43,2.54,4.0,1.31,699
2.45,1.62,1.29,1.11,1.44,2.76,7.0,1.64,700
5.34,1.17,1.0,1.0,1.29,3.96,4.0,1.41,701
1.05,1.16,1.1,1.0,1.57,1.11,7.0,1.39,702
1.0,1.0,1.0,1.0,1.0,1.0,1.0,1.27,703
3.89,1.32,1.0,1.0,1.29,2.98,4.0,1.26,704
2.21,1.15,1.77,1.0,1.52,2.65,7.0,1.54,705
1.32,1.32,1.0,1.0,1.29,1.0,4.0,1.06,706
1.16,6.46,1.19,7.75,3.57,1.11,4.0,1.26,707
1.64,1.08,1.39,1.52,1.43,1.44,7.0,1.19,708
1.16,1.32,1.39,1.0,4.0,1.11,7.0,1.09,709
1.96,1.11,1.0,1.0,1.24,1.66,4.0,1.26,710
2.07,1.18,1.0,1.0,1.51,3.2,4.0,1.66,711
1.24,1.64,1.1,1.45,1.19,1.33,4.0,1.15,712
3.09,1.45,1.68,1.47,1.43,2.43,7.0,1.52,713
1.0,1.0,1.39,1.0,1.0,1.0,1.0,1.2,714
1.4,1.26,1.1,1.51,1.29,1.55,4.0,1.09,715
2.21,1.17,2.35,1.0,1.88,2.43,7.0,1.81,716
3.57,1.0,1.0,1.0,1.4,2.76,4.0,1.36,717
2.21,1.21,2.06,1.0,1.61,2.65,7.0,1.49,718
1.96,1.29,1.29,1.0,1.32,2.32,7.0,1.39,719
1.32,1.0,1.0,1.0,1.93,1.22,4.0,1.45,720
1.86,1.14,1.77,1.32,1.46,2.76,7.0,1.67,721
2.29,1.48,1.29,1.0,2.18,1.44,7.0,1.91,722
3.57,1.4,2.55,1.0,1.72,2.76,7.0,2.15,723
5.18,1.0,1.29,1.0,1.65,3.85,7.0,1.95,724
2.29,1.16,1.1,1.3,1.3,1.88,7.0,1.16,725
2.61,1.16,1.0,1.0,1.29,2.1,4.0,1.11,726
2.12,1.0,1.0,1.0,1.71,1.77,4.0,1.33,727
1.8,1.06,1.39,1.0,1.54,1.55,7.0,1.3,728
1.24,1.0,1.0,1.0,1.29,1.33,4.0,1.04,729
1.48,1.64,1.0,1.98,2.0,1.33,4.0,1.17,730
2.12,1.14,1.19,1.0,1.35,1.77,7.0,1.15,731
2.04,1.12,1.0,1.0,1.24,2.43,4.0,1.17,732
1.47,1.11,1.0,1.0,1.29,10.0,4.0,2.72,733
3.57,1.0,1.0,1.0,1.26,2.76,4.0,1.38,734
1.08,1.96,1.0,1.0,1.86,1.11,4.0,1.11,735
1.16,1.0,1.1,1.0,1.71,1.11,7.0,1.06,736
1.75,1.14,2.45,1.0,1.83,2.43,7.0,2.0,737
5.18,1.0,1.0,1.0,1.42,3.85,4.0,1.51,738
4.21,1.0,1.0,3.02,1.01,3.2,4.0,1.26,739
2.93,1.05,1.19,1.0,1.37,2.32,7.0,1.24,740
7.91,1.15,1.0,1.0,1.28,5.72,4.0,1.72,741
2.45,1.36,1.48,1.0,1.44,1.99,7.0,1.24,742
4.21,1.0,1.0,1.0,1.54,3.2,4.0,1.52,743
3.09,1.27,1.1,1.0,1.58,2.32,7.0,1.59,744
4.05,1.0,1.0,1.0,1.39,3.09,4.0,1.39,745
2.37,1.11,1.0,1.0,1.15,2.87,4.0,1.33,746
2.93,1.27,1.29,1.0,1.5,2.32,7.0,1.69,747
2.12,1.05,1.77,2.32,1.36,1.0,7.0,1.74,748
2.77,1.15,1.0,1.0,1.29,2.21,4.0,1.19,749
4.21,1.0,1.0,1.0,1.38,3.2,4.0,1.38,750
2.12,1.0,1.0,1.0,1.59,1.77,4.0,1.14,751
3.09,1.45,3.61,1.86,2.49,2.43,7.0,2.12,752
1.64,1.0,1.0,1.66,2.5,1.44,4.0,1.23,753
4.7,1.27,2.26,1.18,1.8,3.2,7.0,2.51,754
2.61,1.16,1.1,1.74,1.41,2.1,7.0,1.5,755
2.12,1.28,1.29,1.16,1.65,1.66,7.0,1.41,756
4.05,1.14,1.68,1.0,1.37,3.09,7.0,1.55,757
1.16,1.48,1.29,1.39,1.93,1.22,7.0,1.17,758
2.5,1.16,1.0,1.0,1.28,4.07,4.0,1.4,759
3.09,1.25,1.0,1.0,1.44,2.43,4.0,1.63,760
1.8,1.32,1.39,1.0,1.51,1.22,7.0,1.28,761
1.96,1.0,1.0,1.0,2.1,1.66,4.0,1.4,762
2.29,1.36,1.58,1.15,1.64,1.88,7.0,1.57,763
1.48,1.21,1.1,1.0,1.43,1.33,7.0,1.08,764
2.29,1.6,1.0,1.0,1.29,1.88,4.0,1.2,765
3.09,1.3,1.29,1.0,1.37,2.43,7.0,1.23,766
6.95,1.18,1.0,1.0,1.29,5.06,4.0,1.57,767
2.77,1.0,1.0,1.0,1.36,2.21,4.0,1.23,768
2.12,1.09,1.58,1.0,1.69,1.44,7.0,1.35,769
3.41,1.13,1.39,1.0,1.62,2.65,7.0,1.65,770
2.77,1.01,1.0,2.24,1.19,3.41,4.0,1.34,771
3.25,1.16,1.0,1.0,1.29,2.54,4.0,1.16,772
1.16,1.64,1.0,1.0,1.29,1.11,4.0,1.03,773
3.09,1.17,1.48,1.0,1.42,2.43,7.0,1.26,774
2.12,1.14,1.1,1.0,1.57,1.66,7.0,1.23,775
1.16,1.32,1.0,1.0,1.29,1.11,4.0,1.04,776
4.21,1.0,1.58,1.5,1.38,3.2,4.0,1.5,777
1.44,1.29,1.48,2.33,1.52,2.21,7.0,1.38,778
1.28,1.18,1.48,1.0,1.92,1.77,4.0,1.63,779
2.61,1.23,2.26,1.34,1.31,1.88,4.0,1.61,780
1.16,2.29,1.1,4.89,2.0,1.22,4.0,1.28,781
3.57,1.42,1.48,1.0,1.4,2.76,7.0,1.47,782
1.48,1.0,1.0,1.0,1.29,1.33,4.0,1.06,783
3.73,1.4,2.94,6.0,1.98,2.87,7.0,3.53,784
3.09,1.84,4.29,1.0,3.08,2.43,7.0,2.55,785
1.16,1.32,1.77,1.0,5.86,1.11,7.0,1.13,786
1.32,2.12,1.0,1.0,1.29,1.22,4.0,1.05,787
1.32,1.48,1.48,1.72,2.43,1.22,7.0,1.35,788
1.4,1.19,1.97,1.35,2.37,1.55,10.0,1.42,789
1.24,1.54,1.19,5.25,2.14,1.33,4.0,1.4,790
2.61,1.16,1.29,1.0,1.47,1.99,7.0,1.33,791
1.43,1.36,1.29,2.25,1.7,1.66,7.0,1.46,792
3.89,1.0,1.0,1.0,1.29,2.98,4.0,1.54,793
1.56,1.0,1.1,1.0,1.73,1.77,7.0,1.31,794
1.52,1.25,1.48,1.12,1.51,2.43,7.0,1.53,795
1.16,1.32,1.1,1.0,2.86,1.11,7.0,1.11,796
1.64,1.0,1.19,1.0,1.43,1.44,7.0,1.25,797
3.73,1.17,1.0,1.0,1.34,2.87,4.0,1.36,798
3.41,1.28,1.87,1.0,1.38,2.65,7.0,1.6,799
2.77,1.09,1.19,1.0,1.47,2.21,7.0,1.37,800
8.39,1.17,1.0,1.0,1.29,6.05,4.0,1.69,801
2.77,1.23,1.39,1.0,1.21,2.21,4.0,1.2,802
1.48,1.04,1.19,1.15,1.4,1.99,7.0,1.34,803
2.04,1.17,1.0,1.0,1.29,2.43,4.0,1.17,804
4.38,1.15,1.0,1.0,1.29,3.3,4.0,1.39,805
1.72,1.29,1.58,1.79,1.27,2.87,7.0,1.55,806
2.29,1.2,1.48,1.17,1.25,1.88,4.0,1.4,807
5.34,1.17,1.0,1.0,1.29,3.96,4.0,1.36,808
5.02,1.15,1.0,1.0,1.29,3.74,4.0,1.46,809
2.77,1.18,1.48,2.61,1.05,2.21,7.0,1.27,810
1.2,1.26,1.1,1.0,1.4,1.55,7.0,1.09,811
1.64,1.64,1.0,1.0,1.29,1.44,4.0,1.05,812
3.57,1.06,1.0,1.0,1.37,2.65,4.0,1.37,813
2.29,1.08,1.0,1.0,1.43,1.88,4.0,1.19,814
2.12,1.0,1.19,1.0,1.37,1.77,4.0,1.17,815
1.64,1.08,1.1,1.0,1.46,1.44,7.0,1.13,816
1.68,1.02,1.0,1.0,1.22,2.87,4.0,1.19,817
2.61,1.16,1.0,1.0,1.29,2.1,4.0,1.1,818
2.61,1.51,1.1,1.0,1.6,2.1,7.0,1.29,819
1.96,1.0,1.0,1.0,2.31,1.0,4.0,1.25,820
5.02,1.15,1.0,1.0,1.29,3.74,4.0,1.43,821
1.8,1.13,1.1,1.0,1.63,1.55,7.0,1.17,822
5.18,1.0,1.0,1.0,1.53,3.85,4.0,1.76,823
1.32,1.32,1.0,1.51,1.86,1.22,4.0,1.13,824
1.96,1.27,3.13,1.0,1.74,1.22,7.0,1.83,825
1.8,1.19,1.0,1.0,1.29,1.55,4.0,1.15,826
2.29,1.0,1.19,1.0,1.82,1.88,4.0,1.7,827
1.16,1.64,1.19,1.0,2.29,1.11,7.0,1.05,828
1.48,1.46,1.68,1.0,1.7,1.99,7.0,1.5,829
2.61,1.39,1.1,1.0,1.34,2.1,7.0,1.18,830
5.18,1.16,1.0,1.79,1.2,3.85,4.0,1.63,831
2.45,1.11,1.0,1.72,1.35,1.99,4.0,1.31,832
2.45,1.46,1.1,1.0,1.22,1.66,7.0,1.32,833
2.29,1.08,1.58,2.19,2.0,1.33,7.0,1.52,834
1.72,1.54,3.23,1.0,2.73,1.11,7.0,1.66,835
2.12,1.55,1.97,1.0,2.1,1.77,7.0,1.46,836
3.73,1.17,1.0,1.0,1.29,2.87,4.0,1.23,837
9.68,1.16,1.0,1.0,1.29,6.93,4.0,1.78,838
1.0,1.0,1.0,1.0,1.0,1.0,1.0,1.04,839
2.93,1.13,1.0,1.33,1.08,2.32,4.0,1.12,840
1.48,1.0,1.0,1.0,1.29,1.33,4.0,1.15,841
3.25,1.28,1.39,1.13,1.27,2.54,4.0,1.43,842
9.68,1.16,1.0,1.0,1.29,6.93,4.0,1.79,843
1.96,1.7,1.68,1.0,1.9,1.66,7.0,1.32,844
1.16,3.57,1.48,1.0,2.14,1.11,4.0,1.23,845
1.32,3.25,1.0,1.0,1.93,1.0,4.0,1.13,846
2.12,1.37,1.87,1.0,1.69,1.11,7.0,1.3,847
1.16,1.0,1.19,6.11,1.43,1.11,4.0,1.06,848
3.73,1.0,1.0,1.0,1.39,2.87,4.0,1.34,849
2.77,1.0,1.29,1.13,1.45,2.21,4.0,1.42,850
2.77,1.2,1.39,1.0,1.62,2.21,7.0,1.56,851
1.32,1.0,1.0,1.0,1.29,1.22,4.0,1.11,852
1.8,1.58,2.65,1.0,2.17,1.55,7.0,1.61,853
1.8,1.13,1.19,1.41,1.24,2.1,4.0,1.18,854
2.21,1.09,1.0,1.17,1.3,2.54,4.0,1.28,855
1.0,1.0,1.0,1.0,1.0,1.0,1.0,1.0,856
1.16,1.32,1.0,1.0,1.29,1.11,4.0,1.01,857
5.02,1.0,1.0,1.0,1.35,3.74,4.0,1.43,858
1.32,1.16,1.0,1.0,1.29,1.22,4.0,1.02,859
1.8,1.16,1.0,1.0,1.33,2.1,4.0,1.19,860
2.45,1.07,1.29,1.0,1.32,1.99,7.0,1.22,861
1.56,1.23,1.29,1.0,1.55,2.54,7.0,1.32,862
1.96,1.27,1.0,1.0,1.29,1.66,4.0,1.11,863
5.02,1.21,1.68,1.49,1.36,3.74,7.0,1.56,864
1.16,1.48,1.58,1.14,5.43,1.22,7.0,1.4,865
1.96,1.21,1.77,6.62,1.33,1.11,4.0,1.37,866
1.32,1.32,1.68,1.0,1.79,1.22,4.0,1.25,867
9.68,1.16,1.1,1.0,1.29,6.93,7.0,1.81,868
8.39,1.17,1.19,1.0,1.31,6.05,7.0,1.73,869
2.93,1.24,2.26,1.12,1.51,2.21,7.0,1.6,870
1.32,1.8,1.39,1.0,1.71,1.22,7.0,1.18,871
1.16,1.64,1.39,1.8,2.57,1.11,4.0,1.09,872
4.21,1.13,1.19,1.0,1.34,3.2,7.0,1.42,873
2.12,1.26,3.23,1.0,1.81,3.3,7.0,1.88,874
1.32,1.16,1.1,1.0,1.36,1.22,4.0,1.07,875
3.41,1.15,1.1,1.0,1.31,2.65,7.0,1.26,876
1.56,1.18,1.19,1.0,1.39,1.77,7.0,1.23,877
1.09,1.64,1.29,1.34,2.11,1.44,7.0,1.38,878
1.8,1.09,3.9,1.68,1.29,4.73,7.0,2.8,879
2.29,1.0,1.29,1.22,1.64,1.88,4.0,1.64,880
1.32,1.21,1.1,1.0,1.24,2.32,7.0,1.3,881
1.43,1.24,1.1,1.0,1.32,1.88,7.0,1.15,882
8.39,1.17,1.19,1.0,1.3,6.05,7.0,1.7,883
2.77,1.0,1.0,1.0,1.45,2.21,4.0,1.35,884
4.7,1.14,1.0,1.0,1.29,3.52,4.0,1.28,885
2.07,1.53,1.87,1.44,1.49,2.65,7.0,2.18,886
2.45,1.25,1.87,1.29,1.84,1.88,7.0,1.38,887
1.0,1.0,1.0,3.6,1.0,1.0,1.0,1.11,888
2.77,1.06,1.39,1.61,1.25,2.21,4.0,1.3,889
7.91,1.02,1.0,1.0,1.29,5.72,4.0,1.63,890
1.32,1.48,1.19,1.69,1.93,1.44,7.0,1.38,891
1.88,1.03,1.0,1.0,1.53,2.21,4.0,1.43,892
1.64,1.01,1.0,1.0,1.26,4.07,4.0,1.53,893
1.91,1.04,1.19,3.11,1.09,2.87,7.0,1.26,894
2.29,1.12,1.58,1.83,1.16,1.88,7.0,1.19,895
3.41,1.19,1.19,1.0,1.34,2.65,7.0,1.35,896
1.0,1.0,1.0,1.0,1.0,1.0,1.0,1.09,897
1.16,1.16,1.1,1.94,1.29,1.22,4.0,1.04,898
1.48,1.86,1.29,1.0,1.29,1.33,4.0,1.18,899
1.32,1.64,1.68,10.0,1.21,1.22,4.0,1.36,900
1.64,1.48,1.68,1.0,1.98,1.88,7.0,1.68,901
1.91,1.21,1.0,1.0,1.3,2.87,4.0,1.29,902
1.96,1.16,1.29,1.0,1.29,1.66,4.0,1.14,903
1.16,6.14,1.48,1.29,2.29,1.11,7.0,1.26,904
1.64,1.08,1.0,1.0,1.29,1.44,4.0,1.06,905
1.96,1.11,1.19,1.0,1.67,1.66,7.0,1.23,906
1.64,1.48,1.19,1.0,1.5,1.44,7.0,1.14,907
3.09,1.2,1.1,1.15,1.58,2.43,7.0,1.41,908
1.0,1.0,1.0,1.0,1.0,1.0,1.0,1.12,909
1.72,1.25,1.19,1.0,1.44,1.99,7.0,1.48,910
2.12,1.41,1.48,1.0,1.84,1.77,7.0,1.37,911
1.64,1.8,1.0,1.0,1.29,1.44,4.0,1.39,912
1.64,1.16,1.29,1.0,1.41,2.76,7.0,1.44,913
4.54,1.16,1.0,1.0,1.29,3.41,4.0,1.31,914
1.16,5.34,1.0,1.0,1.29,1.22,4.0,1.2,915
3.09,1.07,1.39,2.24,1.2,2.32,7.0,1.42,916
1.76,1.1,1.0,1.0,1.29,3.09,4.0,1.41,917
5.02,1.15,1.0,1.0,1.29,3.74,4.0,1.46,918
3.33,1.13,2.16,1.2,1.47,4.18,7.0,1.96,919
1.35,1.0,1.0,3.16,1.13,2.21,4.0,1.33,920
1.32,1.21,1.1,1.0,1.57,1.66,7.0,1.25,921
5.5,1.0,1.0,1.0,1.49,4.07,4.0,1.66,922
2.23,1.21,2.45,1.18,1.54,3.52,7.0,1.63,923
2.45,1.46,3.81,1.51,2.87,1.44,7.0,2.4,924
2.93,1.51,1.39,1.0,1.49,2.1,7.0,1.42,925
3.01,1.15,1.1,1.1,1.29,3.74,4.0,1.47,926
1.8,1.02,2.55,4.24,1.24,2.65,4.0,1.28,927
1.8,1.32,1.48,1.27,1.71,1.44,7.0,1.16,928
5.98,1.17,1.0,2.25,1.22,4.4,4.0,1.52,929
2.85,1.08,1.58,1.0,1.32,3.52,7.0,1.8,930
1.23,1.14,1.0,1.0,1.29,4.84,4.0,1.96,931
2.61,1.45,1.0,1.0,1.4,2.1,4.0,1.23,932
1.0,1.0,1.0,1.0,1.0,1.0,1.0,1.22,933
1.8,1.06,1.1,3.38,1.97,1.55,4.0,1.32,934
2.77,1.29,1.1,1.0,1.7,2.1,7.0,1.44,935
1.48,1.43,1.39,1.0,1.29,1.33,7.0,1.06,936
1.32,1.08,1.1,1.38,1.21,1.44,4.0,1.09,937
3.33,1.18,1.29,1.0,1.35,4.07,7.0,1.96,938
1.16,1.64,1.1,1.0,1.29,1.11,4.0,1.08,939
1.08,1.32,1.1,1.0,1.86,1.11,7.0,1.11,940
2.29,1.16,1.39,1.0,1.3,1.77,7.0,1.18,941
1.0,1.0,1.0,1.0,1.0,1.0,1.0,1.28,942
1.16,1.32,1.0,1.59,1.0,1.11,1.0,1.1,943
2.45,1.25,1.19,1.49,1.52,1.99,7.0,1.2,944
1.96,1.11,1.0,1.0,1.48,1.55,4.0,1.12,945
1.26,1.13,1.0,1.0,1.29,5.06,4.0,2.04,946
2.37,1.17,1.29,1.0,1.41,2.87,7.0,1.43,947
2.45,1.07,1.58,2.01,1.87,1.99,7.0,1.56,948
1.16,1.32,1.0,1.52,3.57,1.11,4.0,1.31,949
2.29,1.28,2.55,1.21,2.32,1.88,7.0,1.62,950
5.82,1.04,1.0,1.0,1.18,1.22,4.0,1.41,951
1.0,1.0,1.0,1.0,1.0,1.0,1.0,1.0,952
1.8,1.26,1.19,1.0,1.51,1.55,7.0,1.12,953
1.16,1.32,1.1,1.0,1.86,1.11,7.0,1.26,954
2.34,1.33,10.0,4.42,1.67,3.63,7.0,10.0,955
1.64,1.0,1.68,1.3,1.64,1.44,7.0,1.63,956
3.25,1.14,1.0,1.0,1.29,2.54,4.0,1.21,957
2.55,1.23,1.0,1.0,1.24,4.18,4.0,1.46,958
1.0,1.0,1.0,1.0,1.0,1.0,1.0,1.25,959
1.16,1.32,1.0,1.0,1.29,1.0,4.0,1.01,960
1.72,1.04,1.19,3.15,1.13,1.99,4.0,1.18,961
4.86,1.0,1.0,1.0,1.74,3.63,4.0,1.73,962
3.89,1.2,2.65,1.22,1.9,2.98,7.0,2.31,963
1.96,1.27,1.0,1.62,1.48,1.66,4.0,1.26,964
1.8,1.0,1.0,1.0,1.29,1.55,4.0,1.23,965
3.09,1.84,2.35,1.0,1.73,1.44,7.0,2.23,966
1.32,1.48,1.19,2.5,1.29,1.22,4.0,1.1,967
4.86,1.11,1.0,1.85,1.3,3.63,4.0,1.43,968
1.8,1.13,1.0,1.68,1.63,1.55,4.0,1.16,969
1.16,1.32,1.19,1.0,1.29,1.11,4.0,1.03,970
2.61,1.13,1.0,1.0,1.29,2.1,4.0,1.12,971
1.16,1.64,1.0,1.0,1.29,1.11,4.0,1.08,972
2.12,1.51,1.48,1.0,1.67,1.77,7.0,1.34,973
2.61,1.48,3.13,1.0,2.04,1.99,7.0,2.03,974
1.96,1.16,1.0,1.0,1.29,1.66,4.0,1.14,975
1.96,1.67,2.06,1.0,1.76,2.32,7.0,1.58,976
1.35,1.38,1.39,1.0,1.36,2.21,7.0,1.43,977
1.96,1.43,1.29,2.65,2.64,1.66,4.0,1.66,978
4.7,1.0,1.0,1.0,1.8,3.52,4.0,1.74,979
2.12,1.28,1.1,1.23,1.31,1.77,7.0,1.2,980
2.29,1.04,1.48,1.46,1.62,1.55,4.0,1.41,981
2.29,1.2,1.0,1.13,1.34,2.76,4.0,1.35,982
1.4,1.32,1.19,1.3,1.83,1.55,7.0,1.33,983
1.8,1.64,1.39,1.0,1.66,1.55,7.0,1.38,984
3.25,1.44,1.68,1.15,1.42,2.54,7.0,1.46,985
2.77,1.48,1.1,1.1,1.29,4.62,4.0,1.66,986
1.32,2.45,1.1,1.0,1.29,1.22,7.0,1.09,987
2.61,1.61,1.29,1.13,1.99,2.1,7.0,1.73,988
1.32,1.16,1.0,1.0,1.29,1.22,4.0,1.2,989
3.09,1.79,1.0,1.0,1.37,2.43,4.0,1.31,990
5.5,1.28,1.0,1.0,1.24,4.07,4.0,1.38,991
1.16,1.54,1.39,3.6,1.0,1.33,1.0,1.17,992
1.72,1.07,1.19,1.32,1.79,1.99,7.0,1.27,993
2.93,1.05,2.65,1.0,1.93,2.1,7.0,2.16,994
1.73,1.18,1.77,1.58,1.32,6.49,7.0,2.36,995
2.39,1.25,3.71,1.0,1.67,3.85,7.0,2.26,996
2.93,1.32,3.61,3.82,2.15,1.11,7.0,3.22,997
3.09,1.26,1.87,1.06,1.57,3.2,7.0,2.24,998
1.8,1.64,1.1,3.58,1.26,2.1,4.0,1.31,999
2.12,1.05,1.48,1.0,1.8,1.77,7.0,1.18,1000
1.96,1.64,1.0,1.0,1.4,1.66,4.0,1.18,1001
3.04,1.14,3.61,1.13,1.45,4.07,7.0,3.01,1002
3.57,1.0,1.0,1.0,1.37,2.76,4.0,1.36,1003
1.8,1.0,1.0,1.0,1.6,1.55,4.0,1.23,1004
1.8,1.19,1.0,1.0,1.97,1.55,4.0,1.31,1005
1.56,1.46,1.0,1.0,1.29,1.77,4.0,1.16,1006
1.96,1.11,1.29,1.0,1.48,1.66,7.0,1.15,1007
1.56,1.23,1.39,1.52,1.33,1.66,7.0,1.24,1008
1.88,1.15,1.0,1.0,1.4,1.55,4.0,1.35,1009
1.16,1.0,1.0,1.0,1.29,1.11,4.0,1.02,1010
2.77,1.7,2.45,1.0,1.48,2.21,7.0,1.47,1011
3.57,1.0,1.19,1.0,1.42,2.76,7.0,1.47,1012
1.52,1.05,1.68,1.27,2.07,1.88,7.0,2.63,1013
3.09,1.1,1.0,1.85,1.31,2.43,4.0,1.22,1014
3.73,1.3,1.68,1.1,1.5,2.54,7.0,1.57,1015
2.12,1.16,1.1,1.2,1.29,2.54,4.0,1.2,1016
1.4,1.13,1.19,1.28,1.69,1.55,7.0,1.25,1017
1.16,1.48,1.97,1.0,1.43,1.11,4.0,1.59,1018
4.21,1.14,1.29,1.14,1.3,3.09,7.0,1.37,1019
3.57,1.0,1.0,1.0,1.08,1.33,4.0,1.22,1020
9.68,1.16,1.0,1.0,1.29,6.93,4.0,1.77,1021
2.45,1.21,3.03,1.1,1.86,1.99,7.0,1.66,1022
4.38,1.0,1.0,1.0,1.23,3.3,4.0,1.32,1023
1.64,1.19,1.0,1.0,1.29,2.32,4.0,1.22,1024
1.32,1.11,1.0,1.32,1.36,1.66,4.0,1.37,1025
3.41,1.39,2.84,1.0,1.57,2.65,7.0,2.07,1026
4.38,1.29,1.58,1.42,1.29,3.3,7.0,1.5,1027
1.88,1.29,1.48,1.0,1.52,2.21,7.0,1.56,1028
1.16,1.16,1.1,1.8,2.36,1.22,7.0,1.16,1029
1.68,1.06,1.0,1.0,1.08,2.76,4.0,1.26,1030
2.12,1.37,2.65,1.19,1.56,2.43,7.0,1.81,1031
3.09,1.4,3.32,1.0,2.27,2.43,7.0,1.9,1032
3.89,1.16,1.0,1.0,1.29,2.98,4.0,1.32,1033
2.0,1.15,1.0,1.25,1.23,3.74,4.0,1.31,1034
2.77,1.23,1.39,1.26,1.57,2.1,4.0,1.61,1035
1.48,1.54,2.16,1.0,3.52,1.33,7.0,1.4,1036
4.05,1.17,1.0,1.15,1.35,3.09,4.0,1.34,1037
3.09,1.0,1.0,1.0,1.69,1.0,4.0,1.37,1038
1.0,1.0,1.0,1.0,1.0,1.0,1.0,1.16,1039
5.18,1.0,1.0,1.0,1.69,3.85,4.0,1.97,1040
1.0,1.0,1.0,1.0,1.0,1.0,1.0,1.0,1041
1.3,1.64,1.0,1.0,1.29,2.43,4.0,1.31,1042
1.32,1.16,1.0,1.0,1.29,1.22,4.0,1.02,1043
1.0,1.0,2.06,8.5,1.0,1.0,1.0,1.57,1044
1.56,1.14,2.55,1.14,2.18,1.55,7.0,1.43,1045
1.08,5.82,1.19,1.0,2.0,1.11,7.0,1.25,1046
1.14,1.0,1.0,1.0,1.29,2.54,4.0,1.32,1047
4.05,1.0,1.0,1.0,1.44,3.09,4.0,1.46,1048
2.93,1.09,1.48,1.32,1.3,3.63,7.0,1.44,1049
1.16,1.32,1.19,1.0,1.29,1.11,4.0,1.03,1050
1.0,1.0,1.0,1.0,1.0,1.0,1.0,1.1,1051
1.56,1.14,1.58,1.76,1.71,1.77,7.0,1.4,1052
2.61,1.39,2.06,1.32,1.96,1.88,7.0,1.83,1053
2.37,1.4,3.32,1.0,1.58,2.43,7.0,2.33,1054
1.7,1.17,1.0,1.0,1.44,2.43,4.0,1.39,1055
2.12,1.23,2.35,1.0,2.2,1.77,7.0,1.34,1056
1.16,1.96,1.1,2.25,1.29,1.11,4.0,1.11,1057
5.5,1.0,1.0,1.0,1.52,4.07,4.0,1.58,1058
3.09,1.12,2.26,1.0,1.89,2.43,7.0,1.58,1059
1.64,1.16,1.0,2.12,1.21,1.22,4.0,1.07,1060
1.52,1.2,1.58,1.32,1.42,2.43,7.0,1.28,1061
3.89,1.0,1.0,1.52,1.65,2.98,4.0,1.88,1062
3.73,1.09,1.77,1.0,1.43,2.87,7.0,1.64,1063
3.57,1.5,5.26,1.0,1.96,2.76,7.0,2.14,1064
3.73,1.0,1.0,1.0,1.4,2.87,4.0,1.35,1065
1.26,1.13,1.0,1.0,1.29,5.06,4.0,2.03,1066
1.8,1.23,1.68,1.0,1.71,1.99,7.0,1.52,1067
5.18,1.16,1.0,1.0,1.29,3.85,4.0,1.36,1068
5.34,1.0,1.0,1.0,1.5,3.96,4.0,1.79,1069
3.33,1.16,1.29,1.09,1.32,4.18,7.0,1.53,1070
4.7,1.0,1.0,1.0,1.57,3.52,4.0,1.57,1071
2.45,1.25,2.06,1.0,1.82,2.54,7.0,1.92,1072
3.25,1.05,1.1,1.0,1.3,2.54,7.0,1.22,1073
2.61,1.35,1.39,1.37,1.4,1.77,7.0,1.39,1074
1.54,1.13,1.87,1.15,1.57,2.1,7.0,1.34,1075
2.93,1.43,1.39,1.21,1.37,4.95,7.0,1.96,1076
3.41,1.15,1.0,1.0,1.29,2.65,4.0,1.22,1077
2.77,1.15,1.0,1.0,1.29,2.21,4.0,1.2,1078
4.05,1.14,1.19,1.43,1.36,3.09,7.0,1.65,1079
1.16,1.32,1.1,1.0,1.86,1.11,7.0,1.07,1080
2.04,1.2,2.26,1.07,2.34,2.43,7.0,2.17,1081
3.25,1.09,1.0,1.0,1.29,2.54,4.0,1.24,1082
4.05,1.12,1.87,1.2,1.32,2.98,7.0,1.48,1083
1.96,1.11,1.39,1.0,1.55,1.55,7.0,1.16,1084
2.61,1.06,1.68,1.0,1.6,2.1,7.0,1.49,1085
2.61,1.16,1.0,1.0,1.29,2.1,4.0,1.11,1086
1.88,1.41,2.65,1.0,2.94,1.44,7.0,2.55,1087
2.04,1.05,1.29,1.0,1.33,2.32,7.0,1.34,1088
2.12,1.0,1.0,1.0,1.45,1.77,4.0,1.25,1089
1.54,1.26,1.0,1.0,1.29,2.1,4.0,1.09,1090
1.11,1.64,1.68,3.2,1.34,1.55,7.0,1.23,1091
1.32,1.24,1.0,1.0,1.29,1.44,4.0,1.1,1092
4.54,1.2,1.1,1.0,1.29,3.41,7.0,1.41,1093
2.12,1.14,1.0,1.0,1.29,1.77,4.0,1.09,1094
1.48,1.27,1.29,1.0,1.57,1.66,7.0,1.16,1095
1.16,1.0,1.19,1.0,1.29,1.11,4.0,1.11,1096
2.45,1.18,1.0,1.0,1.29,2.98,4.0,1.24,1097
3.57,1.1,1.19,2.07,1.21,2.76,7.0,1.46,1098
1.91,1.15,1.1,1.0,1.31,2.87,7.0,1.22,1099
1.48,1.21,2.06,1.0,1.7,1.99,7.0,1.4,1100
1.0,1.0,1.0,1.0,1.0,1.0,1.0,1.11,1101
2.29,1.04,1.0,1.0,1.34,1.88,4.0,1.18,1102
4.7,1.07,4.0,1.0,2.02,3.52,7.0,2.23,1103
1.16,1.96,1.19,1.0,2.29,1.11,7.0,1.08,1104
1.46,1.28,1.0,2.61,1.08,2.87,4.0,1.4,1105
1.16,1.64,1.1,1.0,1.29,1.11,4.0,1.03,1106
1.96,1.16,1.0,1.0,1.29,1.66,4.0,1.14,1107
2.93,1.13,1.0,1.0,1.29,2.32,4.0,1.2,1108
1.48,1.21,1.0,1.0,1.29,1.33,4.0,1.05,1109
1.32,1.16,1.0,2.12,1.29,1.22,4.0,1.03,1110
1.4,1.13,1.0,1.0,1.29,2.1,4.0,1.23,1111
1.16,1.96,1.29,1.0,3.57,1.11,4.0,1.18,1112
3.09,1.02,1.39,1.8,1.3,2.43,4.0,1.2,1113
1.96,1.11,1.29,1.0,1.74,1.66,7.0,1.33,1114
2.93,1.19,1.29,1.0,1.39,2.32,7.0,1.22,1115
1.26,1.04,1.39,1.48,1.71,1.88,7.0,1.36,1116
2.12,1.23,2.06,1.11,1.69,1.55,7.0,1.51,1117
1.8,1.19,1.1,1.0,1.4,1.55,7.0,1.12,1118
3.57,1.32,1.19,1.29,1.46,2.76,4.0,1.36,1119
3.09,1.07,1.29,1.0,1.38,2.43,7.0,1.22,1120
4.7,1.15,1.0,1.0,1.29,3.52,4.0,1.32,1121
2.45,1.5,1.19,1.0,1.56,1.99,7.0,1.3,1122
1.15,1.01,1.0,1.0,1.45,3.85,4.0,1.87,1123
1.8,1.19,1.29,1.0,1.77,1.55,7.0,1.18,1124
1.72,1.36,1.77,1.0,1.86,1.99,7.0,1.61,1125
2.12,1.18,1.48,1.0,1.86,1.77,7.0,1.38,1126
4.54,1.25,1.0,1.0,1.06,3.41,4.0,1.28,1127
5.02,1.39,2.06,1.41,1.47,3.74,7.0,2.18,1128
1.48,1.0,1.19,1.0,1.29,1.33,4.0,1.06,1129
5.02,1.15,1.0,1.0,1.29,3.74,4.0,1.44,1130
1.32,1.16,1.58,1.0,1.43,1.22,7.0,1.19,1131
1.8,1.13,1.0,1.0,1.6,1.55,4.0,1.14,1132
1.32,1.8,1.0,1.0,2.07,1.22,4.0,1.15,1133
1.48,1.21,1.1,1.0,1.62,1.33,7.0,1.1,1134
5.18,1.16,1.0,1.0,1.29,3.85,4.0,1.35,1135
2.69,1.09,2.06,1.0,1.37,3.3,7.0,1.51,1136
1.14,1.0,1.0,1.0,1.29,2.54,4.0,1.44,1137
2.45,1.36,1.1,1.0,1.33,1.99,7.0,1.14,1138
1.64,1.11,1.77,1.0,1.87,2.32,7.0,1.62,1139
1.0,1.0,1.0,1.0,1.0,1.0,1.0,1.22,1140
1.48,1.32,1.29,1.0,1.9,1.22,7.0,1.19,1141
4.21,1.0,1.0,1.0,1.31,3.2,4.0,1.4,1142
1.8,1.0,1.0,1.0,1.17,1.55,4.0,1.07,1143
1.16,1.64,1.1,7.75,1.0,1.11,1.0,1.07,1144
3.41,1.02,1.19,1.0,1.27,2.65,7.0,1.34,1145
1.32,1.05,1.0,1.0,1.57,1.66,4.0,1.16,1146
1.0,1.0,1.1,9.09,1.0,1.0,1.0,1.2,1147
5.18,1.16,1.0,1.0,1.29,3.85,4.0,1.35,1148
1.32,1.32,2.45,1.98,2.46,1.33,7.0,1.61,1149
1.16,1.32,1.1,1.0,1.43,1.11,4.0,1.11,1150
1.61,1.24,4.58,1.0,1.47,3.41,7.0,3.63,1151
3.25,1.64,1.48,1.0,1.67,2.54,7.0,1.62,1152
1.0,1.0,1.0,1.0,1.0,1.0,1.0,1.05,1153
2.93,1.13,2.26,2.77,1.31,2.32,4.0,1.46,1154
1.64,1.16,1.0,1.0,1.36,1.44,4.0,1.05,1155
2.61,1.42,2.74,1.0,1.93,2.1,4.0,2.07,1156
3.09,1.42,2.06,1.0,1.74,2.43,7.0,1.5,1157
1.0,1.0,1.1,1.0,1.0,1.0,1.0,1.11,1158
1.16,1.16,1.1,1.0,2.0,1.11,7.0,1.14,1159
1.29,1.12,1.19,3.08,1.31,2.21,4.0,1.49,1160
2.29,1.16,1.68,1.0,1.57,1.88,7.0,1.22,1161
2.12,1.32,1.0,1.0,1.29,1.77,4.0,1.23,1162
1.32,1.16,1.0,1.07,7.36,1.11,4.0,2.36,1163
1.16,6.79,1.0,1.0,6.0,1.11,4.0,1.19,1164
1.48,1.11,1.0,1.8,1.19,1.33,4.0,1.06,1165
4.21,1.43,1.1,1.12,1.29,3.2,4.0,1.4,1166
1.8,1.16,1.1,1.0,1.53,2.1,7.0,1.5,1167
3.41,1.13,1.0,1.0,1.29,2.65,4.0,1.2,1168
1.96,1.43,1.39,1.0,2.19,1.22,7.0,1.46,1169
3.25,1.41,1.87,1.14,1.51,2.54,7.0,1.49,1170
1.16,1.64,1.29,1.0,1.43,1.11,7.0,1.08,1171
1.32,1.24,1.39,4.09,1.36,1.44,7.0,1.3,1172
9.68,1.16,1.0,1.0,1.29,6.93,4.0,1.79,1173
1.0,1.0,1.0,1.0,1.0,1.0,1.0,1.34,1174
1.29,1.26,1.0,1.0,1.13,2.21,4.0,1.21,1175
3.41,1.3,1.1,1.23,1.72,2.65,7.0,1.55,1176
1.16,3.57,1.0,1.0,1.29,1.11,4.0,1.09,1177
2.29,1.24,1.39,1.0,2.05,1.88,7.0,2.03,1178
3.57,1.0,1.48,1.74,1.21,2.76,4.0,1.23,1179
1.96,1.32,1.68,1.0,1.76,1.11,7.0,1.51,1180
3.09,1.4,1.19,1.0,1.35,2.43,4.0,1.29,1181
1.32,1.32,1.0,2.73,1.0,1.22,1.0,1.07,1182
2.77,1.2,1.1,1.0,1.34,2.21,7.0,1.27,1183
1.7,1.06,2.26,1.0,1.45,3.74,7.0,1.83,1184
4.21,1.0,1.0,1.0,1.45,3.2,4.0,1.45,1185
1.96,1.18,1.39,1.0,1.39,2.98,7.0,1.67,1186
1.88,1.23,1.0,2.24,1.3,3.41,4.0,1.32,1187
1.64,1.08,1.29,1.0,1.29,2.32,7.0,1.46,1188
1.32,2.12,1.1,1.56,1.86,1.22,7.0,1.11,1189
4.05,1.0,1.48,1.36,1.83,2.98,4.0,1.99,1190
2.12,1.07,1.68,1.0,1.24,4.84,7.0,1.5,1191
3.73,1.21,1.39,1.0,1.4,2.87,7.0,1.6,1192
2.45,1.14,1.0,1.0,1.29,1.99,4.0,1.15,1193
5.5,1.0,1.0,1.0,1.53,4.07,4.0,1.7,1194
1.72,1.18,1.0,1.0,1.33,1.99,4.0,1.24,1195
1.8,1.23,1.68,1.0,1.71,1.22,7.0,1.53,1196
3.09,1.05,1.0,1.0,1.26,2.43,4.0,1.08,1197
1.8,1.29,1.97,1.0,1.6,2.1,7.0,1.55,1198
5.82,1.18,1.1,1.0,1.3,4.29,7.0,1.45,1199
3.73,1.26,2.06,1.12,1.46,2.87,7.0,1.58,1200
3.57,1.26,3.23,1.65,1.71,2.65,7.0,2.07,1201
1.54,1.02,1.0,1.0,1.09,1.11,4.0,1.23,1202
1.32,1.0,1.0,1.0,1.36,1.22,4.0,1.03,1203
2.45,1.14,1.0,1.0,1.29,1.99,4.0,1.12,1204
2.12,1.18,1.0,1.0,1.33,1.77,4.0,1.12,1205
4.46,1.25,1.0,2.36,1.16,5.72,4.0,1.66,1206
2.29,1.16,3.61,1.0,2.33,2.65,7.0,1.88,1207
1.48,1.11,2.06,2.92,2.62,1.33,7.0,1.27,1208
1.32,1.16,1.29,1.0,1.75,1.44,7.0,1.11,1209
2.61,1.1,1.19,1.58,1.3,2.1,4.0,1.23,1210
5.18,1.19,2.45,1.0,1.48,3.2,7.0,2.59,1211
2.12,1.0,1.1,1.15,2.27,1.77,4.0,1.47,1212
1.0,1.0,1.0,1.0,1.0,1.0,1.0,1.0,1213
3.89,1.18,1.0,1.0,1.29,2.98,4.0,1.28,1214
1.48,1.21,1.77,1.0,2.71,1.22,7.0,1.25,1215
3.89,1.16,1.0,1.0,1.29,2.98,4.0,1.23,1216
2.45,1.0,1.19,1.34,1.38,1.0,4.0,1.4,1217
1.64,1.28,1.1,1.0,1.13,3.63,7.0,1.45,1218
1.8,2.16,1.97,1.23,3.54,1.11,7.0,1.7,1219
1.16,1.32,1.1,1.0,2.43,1.11,7.0,1.14,1220
1.64,1.16,1.0,1.0,1.29,1.44,4.0,1.04,1221
2.12,1.09,1.19,1.43,1.32,4.07,7.0,1.49,1222
1.64,1.56,1.1,1.0,1.36,1.44,7.0,1.06,1223
5.18,1.0,1.39,1.44,1.52,3.85,7.0,1.82,1224
1.32,1.28,1.58,1.0,1.48,1.88,7.0,1.41,1225
1.32,1.16,2.16,4.65,2.86,1.22,7.0,1.31,1226
5.34,1.17,1.0,1.0,1.29,3.96,4.0,1.38,1227
1.21,1.32,1.39,1.0,1.32,1.33,7.0,1.38,1228
1.38,1.28,1.1,1.67,1.47,1.66,4.0,1.29,1229
2.41,1.17,1.0,1.16,1.34,4.84,4.0,1.57,1230
2.12,1.16,1.19,1.44,1.29,2.54,7.0,1.57,1231
2.61,1.32,1.19,1.0,1.91,1.99,7.0,1.49,1232
5.18,1.14,1.1,1.0,1.32,3.85,7.0,1.43,1233
2.93,1.19,3.13,1.16,1.42,4.73,7.0,2.25,1234
1.0,1.0,1.0,1.0,1.0,1.0,1.0,1.19,1235
1.1,1.32,1.1,1.0,1.14,1.55,7.0,1.22,1236
2.04,1.12,1.0,1.0,1.26,2.32,4.0,1.35,1237
3.04,1.42,1.58,1.24,1.35,5.17,7.0,2.11,1238
2.29,2.0,2.06,1.0,1.91,1.88,7.0,1.43,1239
3.89,1.16,1.0,1.0,1.29,2.98,4.0,1.24,1240
1.64,1.0,1.29,1.0,1.61,1.44,4.0,1.19,1241
1.64,1.16,1.68,1.19,1.64,1.88,7.0,1.27,1242
2.61,1.35,1.19,1.0,1.37,2.1,7.0,1.27,1243
2.45,1.07,1.19,1.22,1.35,1.99,7.0,1.27,1244
3.17,1.27,1.29,1.0,1.25,1.88,7.0,1.67,1245
1.4,1.26,1.0,1.51,1.29,1.55,4.0,1.11,1246
3.09,1.22,1.29,1.0,1.4,2.43,7.0,1.21,1247
3.89,1.17,1.68,1.1,1.31,4.95,7.0,2.7,1248
1.32,2.12,1.0,1.0,1.29,1.22,4.0,1.07,1249
1.16,1.32,1.39,1.0,3.29,1.11,7.0,1.07,1250
2.61,1.42,1.1,1.0,1.64,2.1,7.0,1.41,1251
2.61,1.06,1.0,1.0,1.29,2.1,4.0,1.2,1252
6.14,1.2,1.19,1.0,1.28,4.51,4.0,1.68,1253
1.19,1.11,1.0,1.0,1.29,1.66,4.0,1.17,1254
